date,sales,day_of_week,sales_log,sales_scaled
2015-01-03,16.448,Saturday,2.859225028899328,0.0005131883499448545
2015-01-04,288.06,Sunday,5.666634279020696,0.010177482470808876
2015-01-05,19.536,Monday,3.0221794435688394,0.0006230632459186263
2015-01-06,4407.1,Tuesday,8.391199036600835,0.1567380691002794
2015-01-07,87.15799999999999,Wednesday,4.479130659121864,0.0030291384452510077
2015-01-08,63.85099999999999,Thursday,4.172092330844025,0.0021998462818893826
2015-01-09,40.544,Friday,3.726753106542018,0.0013705541185277574
2015-01-10,54.83,Saturday,4.022311359322269,0.0018788678374012367
2015-01-11,9.94,Sunday,2.392425796993835,0.0002816255834301825
2015-01-12,1781.8675,Monday,7.485978302146103,0.06332901863251228
2015-01-13,3553.795,Tuesday,8.17605267531444,0.12637641168159436
2015-01-14,61.96,Wednesday,4.1424996041091475,0.0021325621406049263
2015-01-15,149.95,Thursday,5.016948656152848,0.0052633562133808905
2015-01-16,299.964,Friday,5.706990656267163,0.01060104165528808
2015-01-17,182.414,Saturday,5.211745892786793,0.0064184658710533405
2015-01-18,64.864,Sunday,4.187592009996125,0.002235890086818603
2015-01-19,378.594,Monday,5.939102260499158,0.013398795240267896
2015-01-20,2673.87,Tuesday,7.891656060018338,0.09506758142261731
2015-01-21,1795.94,Wednesday,7.4938404972444985,0.06382973575478912
2015-01-22,918.01,Thursday,6.823297003689303,0.03259189008696093
2015-01-23,40.08,Friday,3.7155213850603577,0.0013540444191327348
2015-01-24,392.47,Saturday,5.975004826069297,0.013892520647175947
2015-01-25,744.8600000000001,Sunday,6.614537915031679,0.026430996875219163
2015-01-26,1097.25,Monday,7.001473282855889,0.03896947310326237
2015-01-27,426.67,Tuesday,6.05835187014942,0.015109399352584948
2015-01-28,3.928,Wednesday,1.5949332262312186,6.77111162688108e-05
2015-01-29,122.214,Thursday,4.813922681006933,0.00427647469954393
2015-01-30,240.5,Friday,5.486869473092628,0.008485238282819049
2015-01-31,290.666,Saturday,5.6756093119726065,0.010270207204911093
2015-02-01,468.9,Sunday,6.15251990610877,0.016611995485024192
2015-02-02,211.64600000000002,Monday,5.359628811271141,0.007458576932939772
2015-02-03,97.11200000000001,Tuesday,4.586109683249349,0.0033833141947726807
2015-02-04,134.38400000000001,Wednesday,4.9081151851057845,0.004709498496176315
2015-02-05,232.448,Thursday,5.452959354235249,0.008198738068317491
2015-02-06,330.512,Friday,5.803664008065768,0.01168797764045867
2015-02-07,180.32,Saturday,5.200263426072649,0.006343958736283562
2015-02-08,14.56,Sunday,2.7447035187502458,0.0004460109524064862
2015-02-09,690.84,Monday,6.539354715010789,0.02450889782065208
2015-02-10,1367.1200000000001,Tuesday,7.221192813633629,0.04857178468889767
2015-02-11,2043.4,Wednesday,7.622859626894124,0.07263467155714326
2015-02-12,129.568,Thursday,4.871894163848395,0.004538139202455562
2015-02-13,353.14700000000005,Friday,5.869712081176883,0.01249335920469647
2015-02-14,576.726,Saturday,6.359099707832986,0.02044857920693738
2015-02-15,21.36,Sunday,3.1072736482868986,0.0006879634435404396
2015-02-16,9.04,Monday,2.306577114263583,0.0002496024596036298
2015-02-17,54.208,Tuesday,4.011107870318301,0.0018567363007122191
2015-02-18,37.784,Wednesday,3.6580077904468493,0.0012723498721263294
2015-02-19,66.687,Thursday,4.214894137845653,0.00230075470319172
2015-02-20,95.59,Friday,4.570475216191205,0.0033291595342571107
2015-02-21,8.85,Saturday,2.2874714551839976,0.0002428420223513576
2015-02-22,19.44,Sunday,3.017493765335504,0.000619647446043794
2015-02-23,11.364,Monday,2.51478902426987,0.00033229328157352806
2015-02-24,55.672,Tuesday,4.037280261600423,0.0019088272488034116
2015-02-25,43.6,Wednesday,3.7977338590260183,0.001479290414543252
2015-02-26,31.528000000000002,Thursday,3.482101256885991,0.0010497535802830925
2015-02-27,19.456,Friday,3.0182762379888857,0.0006202167460229326
2015-02-28,1111.3034999999998,Saturday,7.014188369226136,0.039469514181813985
2015-03-01,2203.151,Sunday,7.6980976797227125,0.07831881161760504
2015-03-02,47.76,Monday,3.8869103046130706,0.0016273084091193175
2015-03-03,1345.8919999999998,Tuesday,7.205554995022203,0.04781646594157537
2015-03-04,370.452,Wednesday,5.917419649888071,0.013109092713383683
2015-03-05,705.562,Thursday,6.560410954820557,0.025032724963957087
2015-03-06,1133.312,Friday,7.033781578720886,0.040252604093743635
2015-03-07,1561.062,Saturday,7.353762022313561,0.05547248322353019
2015-03-08,1288.0266666666666,Sunday,7.161642690596931,0.04575754512535529
2015-03-09,1014.9913333333333,Monday,6.923620097918318,0.03604260702718039
2015-03-10,741.956,Tuesday,6.610636823583334,0.026327668929005482
2015-03-11,918.314,Wednesday,6.82362773973232,0.032602706786564566
2015-03-12,1315.0593333333334,Thursday,7.182397196988468,0.046719401160942614
2015-03-13,1711.804666666667,Friday,7.445887461855289,0.06083609553532067
2015-03-14,2108.55,Saturday,7.654229933582622,0.07495278990969871
2015-03-15,370.78200000000004,Sunday,5.918307660990054,0.01312083452545342
2015-03-16,471.92,Monday,6.158926240994913,0.016719450856086625
2015-03-17,3960.358,Tuesday,8.284342174754645,0.1408424308952552
2015-03-18,28106.716,Wednesday,10.243799408376029,1.0
2015-03-19,590.762,Thursday,6.383104527022447,0.02094799761363681
2015-03-20,2350.2889999999998,Friday,7.762718967399529,0.08355416538826205
2015-03-21,4109.816,Saturday,8.321376827929779,0.1461603331628873
2015-03-22,464.09299999999996,Sunday,6.142237385590023,0.016440956422541703
2015-03-23,945.064,Monday,6.852310220040454,0.0335545051891871
2015-03-24,65.38,Tuesday,4.195395806291828,0.002254250011145826
2015-03-25,459.146,Wednesday,6.131543830429524,0.016264935985241754
2015-03-26,145.13,Thursday,4.984496636486561,0.005091854594665353
2015-03-27,819.1729999999999,Friday,6.709515293615831,0.02907514620957761
2015-03-28,1493.216,Saturday,7.309356933555579,0.053058437824489865
2015-03-29,890.841,Sunday,6.7932878655703135,0.031625183141134695
2015-03-30,1170.3220000000001,Monday,7.065888304448744,0.04156946610798888
2015-03-31,1959.552,Tuesday,7.580981345226593,0.06965125501646682
2015-04-01,119.88799999999999,Wednesday,4.794864497111459,0.00419371271507664
2015-04-02,1458.558,Thursday,7.285888929141433,0.051825262907178024
2015-04-03,967.201,Friday,6.875439710349514,0.03434216729157421
2015-04-04,475.844,Saturday,6.167189393372624,0.016859071675970394
2015-04-05,5179.738,Sunday,8.552702796147965,0.1842294939303905
2015-04-06,1650.69,Monday,7.40955428514049,0.05866155938167049
2015-04-07,1021.1700000000001,Tuesday,6.9296830974394075,0.03626245170245779
2015-04-08,1958.75,Wednesday,7.580572193068831,0.06962271885501249
2015-04-09,1944.2466666666667,Thursday,7.573144068919767,0.06910667214475572
2015-04-10,1929.7433333333333,Friday,7.565660354553775,0.06859062543449894
2015-04-11,1915.24,Saturday,7.558120211646641,0.06807457872424216
2015-04-12,1872.443,Sunday,7.535533193431441,0.06655180802379218
2015-04-13,638.576,Monday,6.4608054568036195,0.02264927943879547
2015-04-14,466.648,Tuesday,6.1477158761687525,0.01653186651296042
2015-04-15,294.71999999999997,Wednesday,5.689413060688899,0.010414453587125365
2015-04-16,39.072,Thursday,3.6906778360553156,0.001318178520446996
2015-04-17,529.802,Friday,6.274389070348467,0.018778964693118315
2015-04-18,1020.532,Saturday,6.929058740247679,0.036239750865789636
2015-04-19,205.47,Sunday,5.330155123396788,0.007238827140992228
2015-04-20,1250.45,Monday,7.132058158016194,0.04442052040351556
2015-04-21,845.36,Tuesday,6.740944801008088,0.030006912369184208
2015-04-22,257.752,Wednesday,5.555870074018306,0.009099085985325368
2015-04-23,643.98,Thursday,6.469219308563084,0.02284156050674957
2015-04-24,1511.9869999999999,Friday,7.321841121550517,0.053726333443765664
2015-04-25,2379.9939999999997,Saturday,7.775273326534086,0.08461110638078176
2015-04-26,282.568,Sunday,5.647451953312784,0.009982070252969513
2015-04-27,1430.5220000000002,Monday,7.266493492914662,0.05082770701873222
2015-04-28,2578.476,Tuesday,7.855341556512714,0.09167334378449492
2015-04-29,768.8439999999999,Wednesday,6.646187896919506,0.02728437754394809
2015-04-30,1048.74,Thursday,6.9562977934412915,0.03724342672901118
2015-05-01,777.4300000000001,Friday,6.65727907072522,0.027589878145253405
2015-05-02,506.12,Saturday,6.228747661975911,0.017936329561495625
2015-05-03,72.632,Sunday,4.299079713852955,0.0025122852266904485
2015-05-04,187.43200000000002,Monday,5.238737199099193,0.0065970125770107215
2015-05-05,260.977,Tuesday,5.568256713648116,0.009213835512370514
2015-05-06,254.456,Wednesday,5.5430501834633885,0.008981810189622791
2015-05-07,1091.35,Thursday,6.996086617772102,0.03875954373595497
2015-05-08,1799.97,Friday,7.496080687624671,0.06397312818703468
2015-05-09,394.48,Saturday,5.980100217028932,0.013964038957055247
2015-05-10,2343.799,Sunday,7.759954962920986,0.08332324308422391
2015-05-11,1642.802,Monday,7.404767130406688,0.0583808944919551
2015-05-12,734.846,Tuesday,6.601020857704881,0.026074686250775716
2015-05-13,898.382,Wednesday,6.801707860794109,0.03189350133755251
2015-05-14,310.88,Thursday,5.7426184984413995,0.010989446566055466
2015-05-15,300.08,Friday,5.707376010166331,0.010605169080136834
2015-05-16,289.28,Saturday,5.670845974409936,0.010220891594218202
2015-05-17,91.68,Sunday,4.529152699564175,0.0031900368518550876
2015-05-18,944.964,Monday,6.852204513359482,0.033550947064317486
2015-05-19,91.62,Tuesday,4.528505101052606,0.003187901976933317
2015-05-20,320.10400000000004,Wednesday,5.771765058196327,0.011317648004028937
2015-05-21,4264.3279999999995,Thursday,8.35827436200977,0.15165806306142984
2015-05-22,180.93,Friday,5.203621997708712,0.006365663297988226
2015-05-23,323.75800000000004,Saturday,5.783080289581392,0.011447661886764741
2015-05-24,116.28,Sunday,4.764564238138341,0.004065335569780859
2015-05-25,119.53999999999999,Monday,4.791981648054898,0.004181330440530372
2015-05-26,1325.718,Tuesday,7.190463502329138,0.047098649830378855
2015-05-27,2157.394,Wednesday,7.677119705612712,0.07669072042101441
2015-05-28,221.96800000000002,Thursday,5.407028263405483,0.007825846581981634
2015-05-29,1073.4405,Friday,6.979555339956502,0.038122301362430916
2015-05-30,1924.913,Saturday,7.563155419998251,0.0684187561428802
2015-05-31,773.7,Sunday,6.652475857637857,0.027457160087616693
2015-06-01,5188.5199999999995,Monday,8.554396486333749,0.18454196845644022
2015-06-02,738.598,Tuesday,6.606106795344901,0.026208187095883743
2015-06-03,531.16,Wednesday,6.276944196004563,0.018827284028847712
2015-06-04,456.272,Thursday,6.125278399836893,0.01616267547648896
2015-06-05,915.1365000000001,Friday,6.820165371039379,0.03248964736883249
2015-06-06,1374.0010000000002,Saturday,7.226209737373135,0.04881661926117602
2015-06-07,281.397,Sunday,5.6433138823331985,0.009940404610746297
2015-06-08,2501.264,Monday,7.824951201048008,0.08892604441016627
2015-06-09,5463.008,Tuesday,8.605937865378397,0.19430859424855446
2015-06-10,491.55,Wednesday,6.199595978301688,0.017417910767992435
2015-06-11,332.53999999999996,Thursday,5.809762798193433,0.011760136412814499
2015-06-12,173.52999999999997,Friday,5.162096646636745,0.006102362057636569
2015-06-13,14.52,Saturday,2.7421295147550726,0.0004445877024586394
2015-06-14,212.94,Sunday,5.3656956018779844,0.007504619068752615
2015-06-15,942.9739999999999,Monday,6.850098623393321,0.033480140379412104
2015-06-16,763.792,Tuesday,6.639603901431437,0.027104621075535042
2015-06-17,3356.4860000000003,Wednesday,8.118947758619525,0.11935591108260185
2015-06-18,139.8,Thursday,4.947340443723942,0.004902206539114769
2015-06-19,984.3748,Friday,6.893022076411639,0.03495323254043249
2015-06-20,1828.9496,Saturday,7.5120437044726005,0.0650042585417502
2015-06-21,4107.443,Sunday,8.320799403598478,0.1460758988597313
2015-06-22,1975.498,Monday,7.589081870846524,0.07021863360817594
2015-06-23,109.49600000000001,Tuesday,4.704979321207582,0.0038239523786260453
2015-06-24,4.272,Wednesday,1.662409797200206,7.995106582029315e-05
2015-06-25,792.76,Thursday,6.676781148552739,0.028135338687765684
2015-06-26,704.45,Friday,6.558835897059167,0.024993158615406946
2015-06-27,616.14,Saturday,6.4250959025424965,0.021850978543048207
2015-06-28,1645.791,Sunday,7.406583824736293,0.05848724684430795
2015-06-29,46.68,Monday,3.8645120227570944,0.0015888806605274543
2015-06-30,739.624,Tuesday,6.6074930741116145,0.026244693457046015
2015-07-01,601.0239999999999,Wednesday,6.400297311623783,0.0213131323877569
2015-07-02,79.56,Thursday,4.389002248410307,0.0027587921176575117
2015-07-03,163.484,Friday,5.102813301037244,0.0057449128332348505
2015-07-04,247.40800000000002,Saturday,5.515072555659881,0.00873103354881219
2015-07-05,1444.104,Sunday,7.275936570274989,0.05131097153852359
2015-07-06,1038.472,Monday,6.94646817090835,0.03687807846739891
2015-07-07,241.19400000000002,Tuesday,5.489739057897192,0.00850993166941419
2015-07-08,763.0740000000001,Wednesday,6.638664643114769,0.027079073738971195
2015-07-09,265.521,Thursday,5.5854530397509325,0.009375516706445909
2015-07-10,1143.9385,Friday,7.043106202755417,0.040630708233013485
2015-07-11,2022.356,Saturday,7.612512797958599,0.07188589975958107
2015-07-12,1960.012,Sunday,7.581215945504497,0.06966762239086706
2015-07-13,351.216,Monday,5.864244623763926,0.012424651813464164
2015-07-14,292.594,Tuesday,5.682197860564241,0.01033880785239731
2015-07-15,9.51,Wednesday,2.3523271848888596,0.0002663256464908296
2015-07-16,97.35333333333335,Thursday,4.588566436821312,0.00339190113612469
2015-07-17,185.1966666666667,Friday,5.226803462785124,0.00651747662575855
2015-07-18,273.04,Saturday,5.613274081134699,0.009643052115392408
2015-07-19,461.326,Sunday,6.136270269949188,0.016342503107399403
2015-07-20,2285.786,Monday,7.73490261727907,0.08125906810361302
2015-07-21,1961.482,Tuesday,7.581965277639978,0.06971992682645044
2015-07-22,1348.344,Wednesday,7.207373827406286,0.04790371116337839
2015-07-23,2613.1839999999997,Thursday,7.868707281913473,0.09290829776424156
2015-07-24,5477.236999999999,Friday,8.608538612852115,0.19481487983625223
2015-07-25,8341.289999999999,Saturday,9.029093037998242,0.2967214619082629
2015-07-26,5039.994,Sunday,8.525358563841891,0.17925722791259294
2015-07-27,580.06,Monday,6.36485402174366,0.020567207090090404
2015-07-28,193.152,Tuesday,5.268641357438035,0.00680053731955281
2015-07-29,780.4959999999999,Wednesday,6.661210031486308,0.027698970253755856
2015-07-30,1367.84,Thursday,7.221718944827806,0.0485974031879589
2015-07-31,798.084,Friday,6.683466071654623,0.02832477325582409
2015-08-01,228.328,Saturday,5.43515329318086,0.008052143323689273
2015-08-02,886.28,Sunday,6.788160603296486,0.03146289706583147
2015-08-03,477.994,Monday,6.17168807123643,0.01693557136066716
2015-08-04,2743.154,Tuesday,7.91722810971995,0.09753279265728274
2015-08-05,2408.7239999999997,Wednesday,7.787267497104885,0.08563335565582271
2015-08-06,262.89,Thursday,5.575532349649974,0.009281902441126286
2015-08-07,2109.2595,Friday,7.654566204689972,0.07497803480564864
2015-08-08,3955.629,Saturday,8.283147679092481,0.14067416717017098
2015-08-09,3605.6850000000004,Sunday,8.190544346898742,0.1282227226764386
2015-08-10,2028.6525000000001,Monday,7.615619875116467,0.0721099370919965
2015-08-11,451.62,Tuesday,6.1150529213526,0.01599715150755438
2015-08-12,1545.73,Wednesday,7.343898303989696,0.05492695151852052
2015-08-13,1142.9866666666667,Thursday,7.042274516860168,0.040596840814462846
2015-08-14,740.2433333333333,Friday,6.60832895645474,0.026266730110405177
2015-08-15,337.5,Saturday,5.82452409235233,0.011936619406347502
2015-08-16,853.092,Sunday,6.7500389163235255,0.03028202658410299
2015-08-17,500.342,Monday,6.217288502926295,0.017730741106529155
2015-08-18,969.7239999999999,Tuesday,6.878042184838209,0.03443193878203464
2015-08-19,1439.106,Wednesday,7.272472000971993,0.05113313645754013
2015-08-20,1838.722,Thursday,7.517369752231725,0.06535197273650865
2015-08-21,930.913,Friday,6.837239462688944,0.03305099493888761
2015-08-22,23.104,Saturday,3.1823778018280002,0.0007500171412665594
2015-08-23,565.224,Sunday,6.3389897596282765,0.020039323684434035
2015-08-24,59.74,Monday,4.106602459617603,0.0020535717684994296
2015-08-25,1451.6499999999999,Tuesday,7.2811447536178155,0.05157946764118488
2015-08-26,366.81,Wednesday,5.9075665004901206,0.012979505805632233
2015-08-27,2070.13,Thursday,7.635849631033448,0.07358575833479188
2015-08-28,1451.2262500000002,Friday,7.2808530028053635,0.05156439008704989
2015-08-29,832.3225,Saturday,6.7254207221036815,0.029543021839307893
2015-08-30,121.24,Sunday,4.8059863254182105,0.004241818563313861
2015-08-31,92.52,Monday,4.538175317163813,0.0032199251007598694
2015-09-01,469.436,Tuesday,6.153659924268344,0.016631067034325337
2015-09-02,3254.15,Wednesday,8.087993636530191,0.11571466841603062
2015-09-03,22.08,Thursday,3.138966441639899,0.0007135819426016816
2015-09-04,159.192,Friday,5.076373095809309,0.0055921981138308905
2015-09-05,296.304,Saturday,5.6947551843366835,0.010470814285060097
2015-09-06,100.36,Sunday,4.618678536012884,0.0034988820905378394
2015-09-07,3523.875,Monday,8.167600253624705,0.12531182072060498
2015-09-08,14228.428,Tuesday,9.563067493508594,0.5061931831949336
2015-09-09,4043.5879999999997,Wednesday,8.305134970164191,0.14380385822423736
2015-09-10,1855.2279999999998,Thursday,7.5263017506289245,0.06593927682748763
2015-09-11,127.95,Friday,4.859424732327354,0.004480568742065159
2015-09-12,4904.66,Saturday,8.498144919522463,0.17444187520154553
2015-09-13,1275.408,Sunday,7.15180516201215,0.045308557208474556
2015-09-14,5023.716,Monday,8.522124213917172,0.1786780363463167
2015-09-15,133.436,Tuesday,4.901088249364586,0.004675767472412346
2015-09-16,33.552,Wednesday,3.5424654356584,0.0011217700276441396
2015-09-17,820.523,Thursday,6.711159934650827,0.029123180895317444
2015-09-18,5079.580000000001,Friday,8.533180707283607,0.18066574722347956
2015-09-19,9338.637,Saturday,9.142022665371261,0.3322083135516416
2015-09-20,5335.968000000001,Sunday,8.582412980438136,0.1897883524141931
2015-09-21,2679.652,Monday,7.8938153274983405,0.09527331220257856
2015-09-22,1240.266,Tuesday,7.123887105507926,0.04405816096679377
2015-09-23,10662.337000000001,Wednesday,9.27456668813285,0.3793072124507614
2015-09-24,211.96,Thursday,5.361104354646802,0.007469749445030369
2015-09-25,354.88880000000006,Friday,5.874618322507064,0.012555334623675458
2015-09-26,1326.79,Saturday,7.191271185001992,0.047136792928981146
2015-09-27,773.4399999999999,Sunday,6.652140187520964,0.027447908962955684
2015-09-28,490.29200000000003,Monday,6.1970386557120865,0.017373149557132653
2015-09-29,8109.07,Tuesday,9.000861778391569,0.2884587843360384
2015-09-30,987.532,Wednesday,6.896221014367935,0.035065569658816034
2015-10-01,4.71,Thursday,1.7422190236679187,9.553565274921544e-05
2015-10-02,598.144,Friday,6.395501969891619,0.021210658391511938
2015-10-03,862.683,Saturday,6.761205803332314,0.03062328634034795
2015-10-04,728.7479999999999,Sunday,6.592699269065857,0.025857711796226472
2015-10-05,191.9,Monday,5.262171919911683,0.006755989596185207
2015-10-06,494.71,Tuesday,6.205991078315077,0.01753034751387233
2015-10-07,237.35999999999999,Wednesday,5.473782135878778,0.008373513161913076
2015-10-08,147.392,Thursday,4.999857420924378,0.005172339379216089
2015-10-09,249.35999999999999,Friday,5.5228998820565005,0.008800488146267112
2015-10-10,2049.386,Saturday,7.625783347090539,0.07284766091183853
2015-10-11,1381.164,Sunday,7.231405665883291,0.04907148774558667
2015-10-12,58.53,Monday,4.086480387165299,0.0020105184575770645
2015-10-13,2212.182,Tuesday,7.70218657797082,0.07864014587458015
2015-10-14,4525.484,Wednesday,8.417700758169383,0.16095031964592674
2015-10-15,206.72400000000002,Thursday,5.336210275482411,0.0072834460268572255
2015-10-16,194.322,Friday,5.274649478747834,0.006842167380527329
2015-10-17,136.068,Saturday,4.9204771530519915,0.0047694173189806646
2015-10-18,3134.916,Sunday,8.050676595397269,0.11147217380899153
2015-10-19,641.104,Monday,6.464750284339858,0.022739228835499385
2015-10-20,1501.104,Tuesday,7.3146220709390155,0.05333910271420526
2015-10-21,1356.602,Wednesday,7.21347518710691,0.048197541115111354
2015-10-22,223.808,Thursday,5.4152467045749395,0.007891316079582586
2015-10-23,140.149,Friday,4.9498160700126945,0.004914624394909733
2015-10-24,56.49,Saturday,4.0516110196351995,0.0019379327102368783
2015-10-25,103.882,Sunday,4.652835908686288,0.003624199248445749
2015-10-26,447.88,Monday,6.106755591442717,0.015864077637430706
2015-10-27,22.32,Tuesday,3.1493113614822916,0.0007221214422887624
2015-10-28,1510.5819999999999,Wednesday,7.320912063492288,0.05367634178934755
2015-10-29,2813.8120000000004,Thursday,7.9426507532636395,0.1000468925276567
2015-10-30,4087.919,Friday,8.316035910924123,0.14538121056018727
2015-10-31,5362.026,Saturday,8.587283647003991,0.19071552859271784
2015-11-01,4637.816,Sunday,8.442214440244488,0.16494723247446486
2015-11-02,2126.37,Monday,7.6626417539977245,0.07558684776146445
2015-11-03,2784.163,Tuesday,7.932061678476346,0.09899194408506395
2015-11-04,6693.7480000000005,Wednesday,8.809078617386996,0.23809986026887828
2015-11-05,1694.564,Thursday,7.435770707830587,0.060222651086966235
2015-11-06,1498.509,Friday,7.3128930001717185,0.053246769373838695
2015-11-07,1302.454,Saturday,7.1727729431459535,0.04627088766071116
2015-11-08,333.576,Sunday,5.812864058544444,0.011796998586463733
2015-11-09,1574.094,Monday,7.362070232018484,0.05593617805653868
2015-11-10,2002.556,Tuesday,7.602678880771175,0.0711813910353969
2015-11-11,7836.978,Wednesday,8.966736171917159,0.27877741121580024
2015-11-12,901.6492,Thursday,6.805333995102986,0.03200975239329264
2015-11-13,968.1895999999999,Friday,6.876460258385418,0.03437734291403524
2015-11-14,1034.73,Saturday,6.9428617710921,0.036744933434777846
2015-11-15,1780.822,Sunday,7.485391715275085,0.06329181843700042
2015-11-16,1355.9285,Monday,7.212978968689899,0.048173577144114486
2015-11-17,11544.274,Tuesday,9.35403145472481,0.410687632182115
2015-11-18,3406.855,Wednesday,8.133838340095702,0.1211481029981792
2015-11-19,7226.086,Thursday,8.885591191032297,0.25704111103729976
2015-11-20,907.5600000000001,Friday,6.811860928583391,0.03222006603808596
2015-11-21,1249.622,Saturday,7.131396306534521,0.04439105912959513
2015-11-22,1103.298,Sunday,7.00696511794939,0.03918466849537681
2015-11-23,1363.28,Monday,7.218382095929016,0.048435152693904374
2015-11-24,5572.864,Tuesday,8.625843808748897,0.19821740790532086
2015-11-25,4415.695,Wednesday,8.393146957820022,0.15704388993282295
2015-11-26,1705.99,Thursday,7.442486864546467,0.060629202434568666
2015-11-27,203.66,Friday,5.321350065658609,0.007174425080852161
2015-11-28,2280.83,Saturday,7.732733031590961,0.0810827274350748
2015-11-29,649.044,Sunday,6.4770400529063545,0.023021743950146972
2015-11-30,219.154,Monday,5.394327301466635,0.007725720948150613
2015-12-01,5624.39,Tuesday,8.63504555800251,0.2000507673256397
2015-12-02,1771.808,Wednesday,7.480320009178162,0.06297108906125316
2015-12-03,505.88,Thursday,6.228274289186007,0.017927790061808543
2015-12-04,129.98,Friday,4.875044639789907,0.004552798676918384
2015-12-05,2963.642,Saturday,7.994511562152043,0.10537803101980377
2015-12-06,1970.978,Sunday,7.586792378913738,0.07005780636406926
2015-12-07,548.4,Monday,6.308826773661173,0.019440704756369675
2015-12-08,1095.12,Tuesday,6.999531950565567,0.03889368504353952
2015-12-09,1522.652,Wednesday,7.328865363714877,0.05410580746111032
2015-12-10,573.336,Thursday,6.353214590913463,0.020327958773857364
2015-12-11,2755.87025,Friday,7.921851347892406,0.0979852527110154
2015-12-12,4938.4045,Saturday,8.505000056356943,0.17564254664817341
2015-12-13,293.152,Sunday,5.684096640539432,0.010358662189169771
2015-12-14,7641.658,Monday,8.941500727414553,0.2718276817204644
2015-12-15,1264.466,Tuesday,7.1431957127732115,0.044919227185241065
2015-12-16,4065.5950000000003,Wednesday,8.310561318947133,0.14458689476429398
2015-12-17,45.534,Thursday,3.8401832282051016,0.001548104549521644
2015-12-18,1741.147,Friday,7.46287353961566,0.0618801323949799
2015-12-19,3436.7599999999998,Saturday,8.142575375478177,0.12221216024043814
2015-12-20,6962.4400000000005,Sunday,8.848428884099308,0.24766025714354947
2015-12-21,1933.44,Monday,7.567573157893221,0.06872215745051245
2015-12-22,798.968,Tuesday,6.684571726867906,0.028356227079671503
2015-12-23,942.108,Wednesday,6.849180804177418,0.03344932701804122
2015-12-24,1950.202,Thursday,7.5762008719114355,0.06931857034115764
2015-12-25,1995.808,Friday,7.599305184577339,0.07094128876919516
2015-12-26,2041.414,Saturday,7.6218877205845486,0.07256400719723266
2015-12-27,2966.388,Sunday,7.995437383564322,0.10547573712872346
2015-12-28,2682.326,Monday,7.89481234882151,0.09536845646159213
2015-12-29,2072.096,Tuesday,7.636798421059611,0.07365571106972854
2015-12-30,2172.6510000000003,Wednesday,7.684163521215604,0.07723358353237189
2015-12-31,5253.2699999999995,Thursday,8.56679635834268,0.18684585430951722
2016-01-01,3592.683,Friday,8.186932860893608,0.12776009528089102
2016-01-02,1932.096,Saturday,7.566878141710255,0.0686743362522648
2016-01-03,1768.2215999999999,Sunday,7.478294954827625,0.0628434804709292
2016-01-04,264.46000000000004,Monday,5.581464170198056,0.009337765001579275
2016-01-05,295.272,Tuesday,5.69127795129546,0.01043409443640565
2016-01-06,31.538,Wednesday,3.4824086370869787,0.001050109392770054
2016-01-07,142.382,Thursday,4.965512397274295,0.004994077323248279
2016-01-08,253.226,Friday,5.538223635192918,0.008938045253726504
2016-01-09,364.07,Saturday,5.900089116016819,0.012882013184204729
2016-01-10,1018.104,Sunday,6.926679088858836,0.03615335959395533
2016-01-11,882.8,Monday,6.78423079269664,0.031339074320368795
2016-01-12,747.496,Tuesday,6.618065859824028,0.026524789046782262
2016-01-13,622.278,Wednesday,6.4349926471867525,0.022069376247545295
2016-01-14,554.3045,Thursday,6.319516611942441,0.019650794239296207
2016-01-15,486.331,Friday,6.188943563668455,0.017232212231047126
2016-01-16,418.3575,Saturday,6.038723778092237,0.014813630222798038
2016-01-17,350.384,Sunday,5.861879642559291,0.012395048214548952
2016-01-18,326.063,Monday,5.790152812891051,0.01152967666500941
2016-01-19,301.742,Tuesday,5.7128809576414605,0.010664305115469869
2016-01-20,237.22150000000002,Wednesday,5.47320091313346,0.008368585158968657
2016-01-21,172.70100000000002,Thursday,5.157335430282877,0.006072865202467447
2016-01-22,108.18050000000002,Friday,4.693002475936457,0.0037771452459662348
2016-01-23,43.66,Saturday,3.799078246412012,0.001481425289465022
2016-01-24,13.12,Sunday,2.647592232065096,0.0003947739542840019
2016-01-25,97.92,Monday,4.594311442653216,0.0034120638437191856
2016-01-26,182.72,Tuesday,5.213412859457593,0.006429353733154369
2016-01-27,3573.252,Wednesday,8.181511202467066,0.12706871603747574
2016-01-28,4297.644,Thursday,8.366054903111545,0.15284348794299146
2016-01-29,3229.6420000000003,Friday,8.080436158076138,0.11484264317298491
2016-01-30,2161.6400000000003,Saturday,7.679084976594892,0.07684179840297836
2016-01-31,99.26,Sunday,4.607766811835358,0.003459742716972053
2016-02-01,230.452,Monday,5.444372508615144,0.008127717895919937
2016-02-02,361.644,Tuesday,5.893421636794572,0.01279569307486782
2016-02-03,492.836,Wednesday,6.202203478263431,0.01746366825381571
2016-02-04,1139.4053333333331,Thursday,7.0391390337491995,0.04046941250246563
2016-02-05,1785.9746666666665,Friday,7.488279338599325,0.06347515675111555
2016-02-06,2432.544,Saturday,7.797103910063409,0.08648090099976548
2016-02-07,324.10999999999996,Sunday,5.784163586603014,0.01146018648630579
2016-02-08,129.09199999999998,Monday,4.868241892467155,0.0045212025280761845
2016-02-09,785.5519999999999,Tuesday,6.667658836015265,0.02787886904716369
2016-02-10,77.24,Wednesday,4.359781025726562,0.002676243620682398
2016-02-11,327.9205,Thursday,5.795816080228014,0.011595768834462545
2016-02-12,578.601,Friday,6.362339935772852,0.020515294048242694
2016-02-13,829.2815,Saturday,6.721764799916542,0.029434819262022845
2016-02-14,1079.962,Sunday,6.985606664384892,0.03835434447580299
2016-02-15,1602.38,Monday,7.379869180037231,0.05694262925715853
2016-02-16,160.43,Tuesday,5.084071612169438,0.0056362476997167486
2016-02-17,133.137,Wednesday,4.898861665727894,0.004665128679052191
2016-02-18,105.844,Thursday,4.6713698267022945,0.0036940096583876333
2016-02-19,211.312,Friday,5.3580568908988955,0.0074466927958752515
2016-02-20,316.78000000000003,Saturday,5.761359319460221,0.011199375933362869
2016-02-21,2591.1,Sunday,7.86022363697488,0.09212252146803536
2016-02-22,79.36,Monday,4.386516539946734,0.0027516758679182775
2016-02-23,37.775999999999996,Tuesday,3.657801498543075,0.00127206522213676
2016-02-24,31.822999999999997,Wednesday,3.4911294891627627,0.0010602500486484622
2016-02-25,25.869999999999997,Thursday,3.2910104226273997,0.0008484348751601645
2016-02-26,592.5705000000002,Friday,6.386155993852747,0.021012346301903843
2016-02-27,1159.2710000000002,Saturday,7.056408877505002,0.04117625772864751
2016-02-28,551.264,Sunday,6.3140261928163826,0.019542609452635508
2016-02-29,1096.7192,Monday,7.000989851658095,0.03895058657645444
2016-03-01,1642.1743999999999,Tuesday,7.404385259695583,0.058358563700273376
2016-03-02,899.5699999999999,Wednesday,6.803027896186728,0.03193577186100356
2016-03-03,1256.1356666666666,Thursday,7.136591131697657,0.044622823523185744
2016-03-04,1612.7013333333334,Friday,7.386285784205461,0.05730987518536793
2016-03-05,1969.267,Saturday,7.585924345543192,0.06999692684755011
2016-03-06,1555.244,Sunday,7.3500305047838985,0.055265471518615876
2016-03-07,807.54,Monday,6.695230152128536,0.028661229543495072
2016-03-08,2563.2960000000003,Tuesday,7.8494392559951285,0.09113322042928707
2016-03-09,478.008,Wednesday,6.171717298732825,0.016936069498148906
2016-03-10,90.93199999999999,Thursday,4.521049173322684,0.003163422077830352
2016-03-11,70.97399999999999,Friday,4.276304942688626,0.0024532915163521987
2016-03-12,51.016000000000005,Saturday,3.9515513635615496,0.001743160954874046
2016-03-13,1384.856,Sunday,7.2340732782483785,0.04920285371577293
2016-03-14,707.9000000000001,Monday,6.563714472860972,0.025115913923408735
2016-03-15,16.776,Tuesday,2.8778492328972742,0.0005248589995171981
2016-03-16,7230.209999999999,Wednesday,8.886161659379583,0.25718784810692275
2016-03-17,48.84,Thursday,3.908817874479198,0.0016657361577111808
2016-03-18,2626.3650000000002,Friday,7.873736721792688,0.09337729420330579
2016-03-19,5203.89,Saturday,8.557353847300297,0.1850888522489004
2016-03-20,102.52000000000001,Sunday,4.639764830752591,0.003575737587721566
2016-03-21,1270.3790000000001,Monday,7.147857417140791,0.04512961910878153
2016-03-22,2481.424,Tuesday,7.8169907811506,0.08822011243603425
2016-03-23,633.302,Wednesday,6.452525181717018,0.02246162393317187
2016-03-24,412.95,Thursday,6.0257451935848145,0.0146212246204735
2016-03-25,272.055,Friday,5.609673240095036,0.009608004585426681
2016-03-26,131.16,Saturday,4.884013309772668,0.004594784550379863
2016-03-27,83.7,Sunday,4.439115601658009,0.002906098487259654
2016-03-28,243.344,Monday,5.498577068473004,0.008586431354110954
2016-03-29,1559.0800000000002,Tuesday,7.352492380979985,0.055401961188614395
2016-03-30,571.224,Wednesday,6.349530523112853,0.020252811176611055
2016-03-31,200.716,Thursday,5.306860767545331,0.007069673884690638
2016-04-01,249.96800000000002,Friday,5.525325440964397,0.008822121545474383
2016-04-02,299.22,Saturday,5.70451553923203,0.01057456920625813
2016-04-03,891.909,Sunday,6.794484671988556,0.0316631839147422
2016-04-04,1484.598,Monday,7.303572663780185,0.05275179862322628
2016-04-05,2974.058,Tuesday,7.998018813588009,0.10574864530622308
2016-04-06,140.004,Wednesday,4.948788258770108,0.004909465113848787
2016-04-07,907.436,Thursday,6.811724439565041,0.03221565396324763
2016-04-08,832.7139999999999,Friday,6.725890417886824,0.029556951898172444
2016-04-09,757.992,Saturday,6.631991237155629,0.026898249833097257
2016-04-10,169.54199999999997,Sunday,5.138981600699107,0.005960464037836245
2016-04-11,1328.346,Monday,7.19244237095398,0.04719215735195239
2016-04-12,2260.512,Tuesday,7.723788895116511,0.08035978762406604
2016-04-13,3192.6780000000003,Wednesday,8.068928509666582,0.11352741789617969
2016-04-14,35.208,Thursday,3.5892800888911816,0.0011806925754849964
2016-04-15,2098.59,Friday,7.649497366554838,0.07459840067268486
2016-04-16,4161.972,Saturday,8.333984521253548,0.14801610876988472
2016-04-17,2745.106,Sunday,7.917939187185224,0.09760224725473766
2016-04-18,2006.96,Monday,7.6048745602944825,0.07133809085465484
2016-04-19,329.96,Tuesday,5.801997522153156,0.011668336791178383
2016-04-20,1194.726,Wednesday,7.0865088112738865,0.042437790901170204
2016-04-21,893.0899999999999,Thursday,6.795806441247454,0.03170520536945238
2016-04-22,152.916,Friday,5.036406999053727,0.00536889019701373
2016-04-23,89.453,Saturday,4.504830378787129,0.0031107974110087177
2016-04-24,25.99,Sunday,3.295466427029913,0.0008527046250037049
2016-04-25,920.946,Monday,6.826486653511684,0.03269635663313288
2016-04-26,2090.1055,Tuesday,7.6454481524839295,0.07429651156812221
2016-04-27,2719.59,Wednesday,7.908604047532793,0.0966943561130062
2016-04-28,4044.3619999999996,Thursday,8.305326318689797,0.1438313981107282
2016-04-29,7.968,Friday,2.193662685769859,0.00021145936100133605
2016-04-30,1571.695,Saturday,7.360545987245743,0.055850818640916566
2016-05-01,450.94,Sunday,6.113549427658219,0.015972956258440984
2016-05-02,167.232,Monday,5.125343979146403,0.005878271353348094
2016-05-03,2198.76,Tuesday,7.696103542486471,0.07816257435458017
2016-05-04,1121.362,Wednesday,7.023190672192315,0.03982740817182442
2016-05-05,849.4486666666667,Thursday,6.745764053361431,0.03015239223468661
2016-05-06,577.5353333333334,Friday,6.360499622267857,0.02047737629754881
2016-05-07,305.622,Saturday,5.725615718592755,0.010802360360411007
2016-05-08,3981.968,Sunday,8.289782549004254,0.1416113416795794
2016-05-09,48.81,Monday,3.908215767085192,0.0016646687202502958
2016-05-10,154.442,Tuesday,5.046272671687388,0.005423187182524085
2016-05-11,191.968,Wednesday,5.2625243720492225,0.006758409121096546
2016-05-12,1060.35,Thursday,6.967296961690453,0.03765652502637371
2016-05-13,238.384,Friday,5.478068957139354,0.008409948360577953
2016-05-14,3141.1994999999997,Saturday,8.052678311389304,0.1116957485851739
2016-05-15,69.908,Sunday,4.261383262151538,0.0024153619052420822
2016-05-16,255.968,Monday,5.548951563524079,0.009035609037651401
2016-05-17,47.368,Tuesday,3.878838438037102,0.0016133605596304191
2016-05-18,10.86,Wednesday,2.4731713935695794,0.00031436033223065853
2016-05-19,90.20199999999998,Thursday,4.513076826664392,0.003137447766282148
2016-05-20,169.54399999999998,Friday,5.138993327946781,0.005960535200333638
2016-05-21,72.332,Saturday,4.2949970757007785,0.002501610852081597
2016-05-22,3862.0980000000004,Sunday,8.259224731228784,0.13734621739836955
2016-05-23,1304.956,Monday,7.1746906186103345,0.04635991194494898
2016-05-24,610.3069999999999,Tuesday,6.41559928797517,0.021643433119403446
2016-05-25,1739.4180000000001,Wednesday,7.461880593243054,0.06181861241598423
2016-05-26,982.5640000000001,Thursday,6.8911827094282305,0.034888802015293464
2016-05-27,888.355,Friday,6.790496480889226,0.03153672815687602
2016-05-28,794.146,Saturday,6.678525745591881,0.028184654298458574
2016-05-29,1119.786,Sunday,7.021785503866981,0.039771332123879254
2016-05-30,681.1,Monday,6.525176274660674,0.024162336458351384
2016-05-31,5178.138,Tuesday,8.55239391213956,0.1841725639324766
2016-06-01,834.1980000000001,Wednesday,6.727668822489492,0.029609754471237565
2016-06-02,953.5686666666667,Thursday,6.861259580511897,0.033857111848931795
2016-06-03,1072.9393333333333,Friday,6.979088786819127,0.03810446922662602
2016-06-04,1192.31,Saturday,7.084486237462847,0.042351826604320256
2016-06-05,1533.1979999999999,Sunday,7.3357630479133435,0.05448104730986012
2016-06-06,796.483,Monday,6.681460517817377,0.02826780767666152
2016-06-07,59.768,Tuesday,4.107063334629875,0.002054568043462922
2016-06-08,145.504,Wednesday,4.987052731838648,0.0051051619816777204
2016-06-09,797.116,Thursday,6.682253950294093,0.0282903306070862
2016-06-10,2085.34,Friday,7.643166613650113,0.07412694912746061
2016-06-11,3373.5640000000003,Saturday,8.12402140977632,0.11996356764783503
2016-06-12,174.476,Sunday,5.167502281417742,0.006136021918903147
2016-06-13,1128.898,Monday,7.029882642145486,0.040095548461998747
2016-06-14,51.072,Tuesday,3.9526273762700863,0.0017451535048010314
2016-06-15,734.144,Wednesday,6.600066398390687,0.026049708214191006
2016-06-16,3443.904,Thursday,8.144651316586332,0.12246635268112359
2016-06-17,2663.4955,Friday,7.887770012863202,0.0946984437580189
2016-06-18,1883.087,Saturday,7.54119863241407,0.06693053483491422
2016-06-19,446.346,Sunday,6.103332344408978,0.01580949600193078
2016-06-20,829.544,Monday,6.722080907782402,0.029444159339805587
2016-06-21,107.976,Tuesday,4.691127674498962,0.0037698688806078674
2016-06-22,2018.953,Wednesday,7.610829522797829,0.071764816770268
2016-06-23,836.9580000000001,Thursday,6.730967979894325,0.029707958717638993
2016-06-24,847.019,Friday,6.742903041201277,0.030065941660771152
2016-06-25,857.08,Saturday,6.754697335234615,0.030423924603903314
2016-06-26,1592.1960000000001,Sunday,7.373497340633989,0.05658026982043674
2016-06-27,1359.176,Monday,7.215369382121824,0.04828912724925529
2016-06-28,1126.156,Tuesday,7.027452925046156,0.03999798467807385
2016-06-29,432.92600000000004,Wednesday,6.072874012650006,0.015331995644428185
2016-06-30,832.5846666666667,Thursday,6.725735276716045,0.02955235005667441
2016-07-01,1232.2433333333333,Friday,7.117402834328576,0.04377270446892063
2016-07-02,1631.902,Saturday,7.39811407892226,0.057993058881166855
2016-07-03,823.982,Sunday,6.715361567914843,0.029246256434557492
2016-07-04,1138.288,Monday,7.0381587848653115,0.04042965638725578
2016-07-05,121.646,Tuesday,4.809302157045895,0.004256264550284506
2016-07-06,1379.812,Wednesday,7.230427010905537,0.04902338189734945
2016-07-07,700.4659999999999,Thursday,6.553172430798431,0.024851402920601402
2016-07-08,21.12,Friday,3.096482176654134,0.0006794239438533589
2016-07-09,1587.114,Saturday,7.370302427643514,0.05639944591456281
2016-07-10,43.286,Sunday,3.7906686000159704,0.0014681179024526548
2016-07-11,1941.952,Monday,7.571963745006412,0.06902502503941424
2016-07-12,2052.567,Tuesday,7.627333560086173,0.07296084486394104
2016-07-13,2033.2559999999999,Wednesday,7.617885429062401,0.07227373537036931
2016-07-14,860.9159999999999,Thursday,6.759157818119524,0.03056041427390182
2016-07-15,1945.151,Friday,7.573608854802413,0.06913884945399329
2016-07-16,3029.386,Saturday,8.016445283128922,0.10771728463408475
2016-07-17,448.082,Sunday,6.10720549913014,0.01587126504966733
2016-07-18,525.72,Monday,6.26666909804865,0.01863372203594055
2016-07-19,2.025,Tuesday,1.1069110914828046,0.0
2016-07-20,2693.168,Wednesday,7.898844715827737,0.095754228359956
2016-07-21,1864.8693333333335,Thursday,7.531482353946492,0.06628232750658364
2016-07-22,1036.5706666666667,Friday,6.944637362235105,0.03681042665321126
2016-07-23,208.272,Saturday,5.343634841238496,0.007338525799838895
2016-07-24,525.95,Sunday,6.267105667379946,0.01864190572314067
2016-07-25,2395.024,Monday,7.781565975879664,0.0851458925486852
2016-07-26,958.857,Tuesday,6.866784315033154,0.03404527735245337
2016-07-27,29.97,Wednesday,3.4330189939851112,0.00099431799481446
2016-07-28,167.914,Thursday,5.129389709662227,0.005902537764958881
2016-07-29,305.85799999999995,Friday,5.72638509986563,0.010810757535103301
2016-07-30,443.802,Saturday,6.097629239329142,0.01571897730524773
2016-07-31,3712.162,Sunday,8.219639083712774,0.13201130729386065
2016-08-01,1011.696,Monday,6.92037136049337,0.03592535495231028
2016-08-02,1290.478,Tuesday,7.163542577934749,0.045844766626325834
2016-08-03,884.5353333333335,Wednesday,6.786192358553678,0.03140081964727289
2016-08-04,478.5926666666668,Thursday,6.172937132516581,0.016956872668219936
2016-08-05,72.65,Friday,4.299324142908639,0.0025129256891669796
2016-08-06,494.86920000000003,Saturday,6.206312182269997,0.01753601204866476
2016-08-07,968.206,Sunday,6.876477179595929,0.03437792644651386
2016-08-08,760.1120000000001,Monday,6.634780521802582,0.026973682080333142
2016-08-09,4878.392000000001,Tuesday,8.49277590092126,0.17350722696079457
2016-08-10,851.4739999999999,Wednesday,6.748142710158858,0.030224456123712586
2016-08-11,196.112,Thursday,5.283772095106001,0.0069058578156934725
2016-08-12,391.504,Friday,5.972546728253337,0.013858149160935447
2016-08-13,586.896,Saturday,6.376550061506852,0.02081044050617742
2016-08-14,542.2429999999999,Sunday,6.297556733641648,0.019221631008147357
2016-08-15,497.59000000000003,Monday,6.21178411473109,0.0176328215101173
2016-08-16,3378.9320000000002,Tuesday,8.125610869931492,0.12015456779083607
2016-08-17,381.64,Wednesday,5.947094599372042,0.013507175723796429
2016-08-18,993.11,Thursday,6.901847864517671,0.03526404186404327
2016-08-19,1604.58,Friday,7.381240341001956,0.057020908004290105
2016-08-20,2216.05,Saturday,7.7039327623615454,0.07877777414453695
2016-08-21,2827.52,Sunday,7.94750888564384,0.10053464028478377
2016-08-22,66.632,Monday,4.214081243824435,0.002298797734513431
2016-08-23,1202.278,Tuesday,7.092804778222048,0.04270650049132368
2016-08-24,7194.775000000001,Wednesday,8.881249327210828,0.255927026559374
2016-08-25,178.52599999999998,Thursday,5.1903200442357065,0.006280125976122633
2016-08-26,409.25,Friday,6.0167667299702,0.014489574000297671
2016-08-27,639.9739999999999,Saturday,6.4629888944755605,0.02269902202447271
2016-08-28,6491.293,Sunday,8.778371060086776,0.2308962585640952
2016-08-29,246.5,Monday,5.511410582008745,0.008698725774996066
2016-08-30,1424.1485,Tuesday,7.262031297799527,0.050600929930167175
2016-08-31,2601.797,Wednesday,7.864341915015277,0.09250313408533828
2016-09-01,2367.564,Thursday,7.770039143320249,0.08416883145948838
2016-09-02,2121.2309999999998,Friday,7.660223172815602,0.07540399572441482
2016-09-03,1874.898,Saturday,7.536842757085881,0.06663915998934128
2016-09-04,1071.284,Sunday,6.977546231917351,0.03804557039961764
2016-09-05,934.1030000000001,Monday,6.84065668364928,0.03316449912222839
2016-09-06,919.674,Tuesday,6.825106010511983,0.032651097284791354
2016-09-07,2922.667,Wednesday,7.980593929295351,0.10392008935447823
2016-09-08,89.64,Thursday,4.506895616719751,0.0031174511045149013
2016-09-09,752.683,Friday,6.624971855201655,0.026709348983769296
2016-09-10,1415.726,Saturday,7.256103854726253,0.05030124686302369
2016-09-11,1962.13,Sunday,7.5822954172492345,0.06974298347560555
2016-09-12,707.824,Monday,6.563607258762779,0.02511320974850782
2016-09-13,2109.42,Tuesday,7.654642258794566,0.07498374559606438
2016-09-14,3262.42,Wednesday,8.090531004215748,0.11600892534274795
2016-09-15,2535.85,Thursday,7.838678432900604,0.09015665747757198
2016-09-16,31.12,Friday,3.469478889078561,0.0010352364308150552
2016-09-17,11525.006,Saturday,9.352361152558684,0.4100020526822372
2016-09-18,3924.32,Sunday,8.275203155555648,0.13956015385474263
2016-09-19,500.38,Monday,6.217364296615909,0.01773209319397961
2016-09-20,1836.052,Tuesday,7.515917391836808,0.06525697080248988
2016-09-21,6982.058,Wednesday,8.851242208697265,0.24835829008047092
2016-09-22,1783.504,Thursday,7.4868957844519395,0.06338724734600355
2016-09-23,2982.0589999999997,Friday,8.00070456306538,0.10603333087704113
2016-09-24,4180.614,Saturday,8.338452575393873,0.1486794144080787
2016-09-25,3033.757,Sunday,8.017886634390296,0.10787281027213572
2016-09-26,3722.273,Monday,8.222358399145675,0.13237106929942763
2016-09-27,2382.958,Tuesday,7.776517410580387,0.08471656920191722
2016-09-28,1058.364,Wednesday,6.9654240070340805,0.03758586066646312
2016-09-29,1091.714,Thursday,6.996419788794431,0.038772495310480375
2016-09-30,1125.064,Friday,7.026483645450294,0.03995912995449764
2016-10-01,1158.414,Saturday,7.0556699840440436,0.04114576459851489
2016-10-02,1269.266,Sunday,7.146981606340193,0.045090017178982686
2016-10-03,275.218,Monday,5.621190409018255,0.009720548075052666
2016-10-04,505.58,Tuesday,6.227682257909463,0.017917115687199694
2016-10-05,851.092,Wednesday,6.747694502220421,0.03021086408671065
2016-10-06,641.4346666666667,Thursday,6.465265125477071,0.022750994368401584
2016-10-07,431.77733333333333,Friday,6.070223354010464,0.015291124650092518
2016-10-08,222.12,Saturday,5.407709743319233,0.007831254931783452
2016-10-09,2133.5350000000003,Sunday,7.666004103346319,0.07584178740837251
2016-10-10,1855.008,Monday,7.526183223681684,0.06593144895277447
2016-10-11,1011.8955,Tuesday,6.920568339993575,0.03593245341142516
2016-10-12,2390.758,Wednesday,7.779783939383873,0.08499410294174733
2016-10-13,371.65999999999997,Thursday,5.920666475799266,0.013152074861808655
2016-10-14,1795.607,Friday,7.493655165035985,0.0638178871989733
2016-10-15,3219.554,Saturday,8.077308673429044,0.11448369953613795
2016-10-16,824.97,Sunday,6.7165584532488145,0.02928141070826931
2016-10-17,77.88,Monday,4.36792771029438,0.0026990156198479463
2016-10-18,378.494,Tuesday,5.938838786434021,0.01339523711539828
2016-10-19,2135.09,Wednesday,7.666732334023899,0.07589711625009506
2016-10-20,720.086,Thursday,6.580758408951274,0.025549507020020255
2016-10-21,367.607,Friday,5.909731035831309,0.013007864060843081
2016-10-22,15.128,Saturday,2.780556891888958,0.00046622110166591056
2016-10-23,2262.296,Sunday,7.72457743690323,0.08042326457174
2016-10-24,831.145,Monday,6.724006704482568,0.029501124918968155
2016-10-25,1425.412,Tuesday,7.26291747930098,0.05064588683789479
2016-10-26,1395.333,Wednesday,7.241604793558438,0.0495756384583627
2016-10-27,749.9215,Thursday,6.621301119003839,0.026611091365494822
2016-10-28,104.51,Friday,4.658805735154001,0.0036465442726269434
2016-10-29,244.24,Saturday,5.502237322894487,0.008618312152942724
2016-10-30,2122.044,Sunday,7.660606186877089,0.07543292327960481
2016-10-31,3211.009,Monday,8.074651877055254,0.11417965776602917
2016-11-01,3106.1059999999998,Tuesday,8.041447025322196,0.11044707803405487
2016-11-02,5528.551,Wednesday,8.617861897729956,0.1966406960318475
2016-11-03,2800.846,Thursday,7.938033764644229,0.09958554605706214
2016-11-04,1817.8600000000001,Friday,7.505965210190551,0.06460967672620917
2016-11-05,834.874,Saturday,6.728477884022298,0.029633807395356173
2016-11-06,11.481,Sunday,2.5242074879363168,0.00033645628767097987
2016-11-07,2357.873,Monday,7.765939241587102,0.08382401357837381
2016-11-08,7792.097000000001,Tuesday,8.960993620833978,0.2771804891930674
2016-11-09,4620.2919999999995,Wednesday,8.438429598659637,0.16432370667231316
2016-11-10,3536.904,Thursday,8.1712897403776,0.12577540880986737
2016-11-11,542.178,Friday,6.297437074687933,0.01921931822698211
2016-11-12,1127.992,Saturday,7.029080478207816,0.04006331185068002
2016-11-13,2867.9132,Sunday,7.961688561079633,0.1019718807796179
2016-11-14,2512.71,Monday,7.829515028478904,0.08933330738274262
2016-11-15,702.17,Tuesday,6.555598683344872,0.024912033368379678
2016-11-16,4072.334,Wednesday,8.312217107723585,0.14482667679925745
2016-11-17,3885.986,Thursday,8.265389329096315,0.13819618226722363
2016-11-18,2463.385,Friday,7.809697562447651,0.08757826229080407
2016-11-19,1040.784,Saturday,6.948689907158984,0.03696034231438446
2016-11-20,2861.15,Sunday,7.95932836964446,0.10173123767843596
2016-11-21,3613.5748,Monday,8.192729506651457,0.12850345161240165
2016-11-22,614.499,Tuesday,6.422433320927818,0.021792589713937792
2016-11-23,3450.1879999999996,Wednesday,8.146473798577386,0.12268994524793031
2016-11-24,1218.7640000000001,Thursday,7.106412676391914,0.04329309295732873
2016-11-25,13.12,Friday,2.647592232065096,0.0003947739542840019
2016-11-26,1484.0819999999999,Saturday,7.303225268567514,0.05273343869889905
2016-11-27,3109.7835,Sunday,8.042629902704883,0.11057792807613505
2016-11-28,1864.482,Monday,7.531274743726964,0.06626854570292198
2016-11-29,2760.168,Tuesday,7.923409057598034,0.09813817202259936
2016-11-30,1798.3970000000002,Wednesday,7.495206887759221,0.06391715888283561
2016-12-01,7130.594,Thursday,8.872290050834332,0.2536433864368051
2016-12-02,4551.6195,Friday,8.42345806057082,0.16188025337122547
2016-12-03,1972.645,Saturday,7.5876373659280505,0.07011712030564578
2016-12-04,5185.814,Sunday,8.553874914830491,0.18444568559746843
2016-12-05,897.322,Monday,6.800528578639933,0.03185578521393457
2016-12-06,6061.502,Tuesday,8.709877865142591,0.2156037581057198
2016-12-07,1338.298,Wednesday,7.199900875074557,0.04754626193897667
2016-12-08,2672.728,Thursday,7.891229032218772,0.0950269476366063
2016-12-09,34.02,Friday,3.555919326857706,0.001138422052033947
2016-12-10,3080.38,Saturday,8.03313282757037,0.10953171483009723
2016-12-11,1590.894,Sunday,7.372679781273015,0.056533943034634326
2016-12-12,1448.854,Monday,7.279218140689904,0.0514799824698304
2016-12-13,1023.386,Tuesday,6.931848687695473,0.0363412997495685
2016-12-14,488.744,Wednesday,6.193882805601059,0.017318069784150982
2016-12-15,5494.796,Thursday,8.611738715309368,0.1954396509821083
2016-12-16,4.98,Friday,1.7884205679625405,0.00010514258989718125
2016-12-17,1918.492,Saturday,7.559815846680149,0.0681902889450021
2016-12-18,935.288,Sunday,6.8419231214577145,0.033206662901933345
2016-12-19,6120.656,Monday,8.719587927139273,0.21770853129109302
2016-12-20,1107.464,Tuesday,7.010730552209648,0.039332899977445046
2016-12-21,3257.7599999999998,Wednesday,8.0891020339043,0.11584311672382379
2016-12-22,473.313,Thursday,6.161867441320909,0.016769015535520387
2016-12-23,194.32,Friday,5.274639239193459,0.006842096218029937
2016-12-24,7484.566000000001,Saturday,8.920731911897311,0.26623815220028574
2016-12-25,4204.968,Sunday,8.34425974805491,0.14954596013882523
2016-12-26,561.486,Monday,6.332366244879953,0.01990632097680775
2016-12-27,5148.4472,Tuesday,8.546644648090627,0.18311612819368836
2016-12-28,79.2,Wednesday,4.384523514872469,0.0027459828681268904
2016-12-29,1665.2700000000002,Thursday,7.418342874421633,0.05918033398766065
2016-12-30,3251.34,Friday,8.087130016248132,0.11561468510719439
2016-12-31,1381.344,Saturday,7.23153588797001,0.04907789237035198
2017-01-01,893.6320000000001,Sunday,6.796412460535626,0.03172449040624571
2017-01-02,405.91999999999996,Monday,6.008616605925547,0.014371088442139426
2017-01-03,2095.83,Tuesday,7.64818195942306,0.07450019642628343
2017-01-04,1069.22,Wednesday,6.975619513798267,0.03797213070230874
2017-01-05,255.904,Thursday,5.548702474255425,0.009033331837734845
2017-01-06,169.74,Friday,5.140141931582161,0.005967509125078088
2017-01-07,83.576,Saturday,4.437650538421878,0.0029016864124213285
2017-01-08,1859.1580000000001,Sunday,7.528416709336079,0.06607911113486357
2017-01-09,743.0459999999999,Monday,6.612102860878812,0.026366452490084305
2017-01-10,174.75,Tuesday,5.169062530690774,0.006145771181045897
2017-01-11,149.444,Wednesday,5.013590921921888,0.005245352101540628
2017-01-12,234.74399999999997,Thursday,5.462746470500403,0.008280432615323895
2017-01-13,320.044,Friday,5.7715781853876456,0.011315513129107165
2017-01-14,405.344,Saturday,6.00720009149404,0.014350593642890434
2017-01-15,701.923,Sunday,6.555247355228538,0.024903244799951724
2017-01-16,102.21799999999999,Monday,4.636843256442957,0.003564992050615322
2017-01-17,1040.55,Tuesday,6.948465267229924,0.036952016302189555
2017-01-18,1072.1765,Wednesday,6.978378221181645,0.03807732666407897
2017-01-19,1103.8029999999999,Thursday,7.007422317515002,0.039202637025968365
2017-01-20,1135.4295,Friday,7.035646608812406,0.04032794738785778
2017-01-21,1167.056,Saturday,7.063096107444317,0.04145325774974719
2017-01-22,917.63,Sunday,6.822883429751626,0.03257836921245638
2017-01-23,59.99,Monday,4.110709916308365,0.002062467080673472
2017-01-24,31.36,Tuesday,3.4769230921902907,0.0010437759305021357
2017-01-25,858.712,Wednesday,6.756597449440548,0.030481993201775463
2017-01-26,585.7013333333333,Thursday,6.374515888527379,0.02076793277440173
2017-01-27,312.69066666666663,Friday,5.7484073623366365,0.011053872347027996
2017-01-28,39.68,Saturday,3.7057365711803594,0.001339811919654267
2017-01-29,1573.498,Sunday,7.36169177029575,0.05591497163231576
2017-01-30,3107.316,Monday,8.041836379420852,0.11049013134497725
2017-01-31,1601.5539999999999,Tuesday,7.379353885574976,0.05691323914573549
2017-02-01,161.97,Wednesday,5.093566134787897,0.005691042822708849
2017-02-02,8996.784,Thursday,9.104733603778467,0.3200447569411099
2017-02-03,866.4,Friday,6.7655002314012656,0.030755541841751614
2017-02-04,197.868,Saturday,5.292641288049801,0.006968338488403947
2017-02-05,2994.476,Sunday,8.004858429473856,0.10647514324210147
2017-02-06,132.224,Monday,4.89203192205597,0.004632642998992588
2017-02-07,762.142,Tuesday,6.637444121439121,0.027045912015186364
2017-02-08,1369.476,Wednesday,7.2229134037325196,0.04865561411082585
2017-02-09,121.83,Thursday,4.810801285551003,0.004262811500044601
2017-02-10,95.88,Friday,4.573473099244837,0.0033394780963789993
2017-02-11,69.93,Saturday,4.261693475213995,0.002416144692713398
2017-02-12,1366.04,Sunday,7.2204030974516655,0.048533356940305805
2017-02-13,146.82,Monday,4.995995317356741,0.00515198690496188
2017-02-14,837.921,Tuesday,6.7321165423199565,0.029742223460133402
2017-02-15,407.072,Wednesday,6.011443629423295,0.014412078040637415
2017-02-16,1135.638,Thursday,7.035830061350076,0.04033536607821093
2017-02-17,887.9786666666666,Friday,6.790073238225597,0.03152333774695003
2017-02-18,640.3193333333334,Saturday,6.463527512797445,0.022711309415689124
2017-02-19,392.65999999999997,Sunday,5.975487592584841,0.013899281084428217
2017-02-20,16.496,Monday,2.8619722833744667,0.0005148962498822705
2017-02-21,1524.126,Tuesday,7.329832308579244,0.054158254221688476
2017-02-22,983.17,Wednesday,6.891798646357875,0.03491036425200334
2017-02-23,57.576,Thursday,4.070325056377881,0.0019765739463209185
2017-02-24,52.147999999999996,Friday,3.9730804747290613,0.0017834389283981097
2017-02-25,46.72,Saturday,3.8653505972297153,0.001590303910475301
2017-02-26,145.30599999999998,Sunday,4.985700318805084,0.005098116894435878
2017-02-27,243.892,Monday,5.5008172970301175,0.008605929878396456
2017-02-28,147.584,Tuesday,5.001150454885041,0.005179170978965753
2017-03-01,6285.8060000000005,Wednesday,8.746208430582326,0.22358477451326544
2017-03-02,6775.114,Thursday,8.821159060275372,0.24099496415029079
2017-03-03,7264.422,Friday,8.890881661034552,0.2584051537873161
2017-03-04,315.45,Saturday,5.7571652512213145,0.01115205287259696
2017-03-05,162.344,Sunday,5.095858406426659,0.005704350209721217
2017-03-06,811.303,Monday,6.69987342326688,0.028795121782338756
2017-03-07,21.072,Tuesday,3.094309836914985,0.0006777160439159427
2017-03-08,2190.81,Wednesday,7.692482965478963,0.07787970342744562
2017-03-09,635.6,Thursday,6.456141514847992,0.022543389642675667
2017-03-10,7879.734,Friday,8.972176325722115,0.28029872308505366
2017-03-11,896.0219999999999,Saturday,6.799080387956473,0.03180952959062955
2017-03-12,1694.6419999999998,Sunday,7.435816709164634,0.06022542642436453
2017-03-13,8866.882,Monday,9.090191264377939,0.3154226815729801
2017-03-14,669.3679999999999,Tuesday,6.507826815331734,0.02374489724864792
2017-03-15,1805.992,Wednesday,7.49941886335498,0.06418739846668302
2017-03-16,2083.163,Thursday,7.642122614785835,0.07404948874904906
2017-03-17,2360.3340000000003,Friday,7.766981992560944,0.08391157903141509
2017-03-18,1061.682,Saturday,6.968551180247057,0.03770391924963701
2017-03-19,138.68,Sunday,4.939354092091292,0.004862355540575059
2017-03-20,928.311,Monday,6.834443451359697,0.03295841252978017
2017-03-21,645.7059999999999,Tuesday,6.471891786281782,0.022902973741999153
2017-03-22,226.46800000000002,Wednesday,5.427009569156893,0.007985962201114397
2017-03-23,486.12100000000004,Thursday,6.188512552180458,0.01722474016882093
2017-03-24,745.774,Friday,6.615762595849935,0.026463518136527458
2017-03-25,1346.97,Saturday,7.206355036031724,0.04785482252766985
2017-03-26,682.246,Sunday,6.526854970418556,0.024203112569357196
2017-03-27,92.69999999999999,Monday,4.540098189244376,0.00322632972552518
2017-03-28,125.30000000000001,Tuesday,4.838660029356445,0.00438627843302031
2017-03-29,2659.339,Wednesday,7.886208837264521,0.09455055029781327
2017-03-30,11.34,Thursday,2.5128460184772416,0.00033143933160482
2017-03-31,640.762,Friday,6.464217518446705,0.022727060048445293
2017-04-01,2161.48,Saturday,7.6790109902083525,0.07683610540318697
2017-04-02,1454.9,Sunday,7.28337954507928,0.05169510669944744
2017-04-03,441.198,Monday,6.0917577455727745,0.0156263237336429
2017-04-04,970.194,Tuesday,6.878526242361933,0.034448661968921844
2017-04-05,1046.3339999999998,Wednesday,6.954003166684491,0.03715781824464819
2017-04-06,1473.318,Thursday,7.295950788965262,0.05235044213793349
2017-04-07,1900.3020000000001,Friday,7.550294193626837,0.06754306603121878
2017-04-08,2906.404,Saturday,7.9750158657909616,0.10334143150693242
2017-04-09,1115.197,Sunday,7.017682650660343,0.03960804977361252
2017-04-10,950.594,Monday,6.858138473238685,0.033751269494476925
2017-04-11,1246.562,Tuesday,7.128946525789497,0.044282180508584845
2017-04-12,1542.53,Wednesday,7.341827280099298,0.05481309152269278
2017-04-13,6.12,Thursday,1.9629077254238845,0.0001457052134108146
2017-04-14,1466.572,Friday,7.291364613531068,0.05211041103422912
2017-04-15,2201.8559999999998,Saturday,7.697509979255128,0.0782727339005435
2017-04-16,9335.086000000001,Sunday,9.141642385577779,0.33208196453752153
2017-04-17,421.08500000000004,Monday,6.045206715554312,0.01491067807861684
2017-04-18,2514.538,Tuesday,7.830241976157962,0.08939834990535922
2017-04-19,1414.132,Wednesday,7.254978091945531,0.05024453035260199
2017-04-20,842.874,Thursday,6.7380031943517045,0.029918457384925528
2017-04-21,271.616,Friday,5.60806421159723,0.009592384417249062
2017-04-22,1765.4650000000001,Saturday,7.476735653412993,0.06274539720077336
2017-04-23,720.368,Sunday,6.5811494092931815,0.025559540932152576
2017-04-24,1607.1,Monday,7.382808636859979,0.05711057275100445
2017-04-25,108.42,Tuesday,4.69519368863568,0.0037856669550289665
2017-04-26,434.646,Wednesday,6.076829986952601,0.015393195392185597
2017-04-27,460.659,Thursday,6.134826523317245,0.016318770414519058
2017-04-28,486.672,Friday,6.189643048724202,0.01724434543685252
2017-04-29,314.44,Saturday,5.753968489569372,0.011116115811413831
2017-04-30,142.208,Sunday,4.96429811888789,0.004987886185975145
2017-05-01,517.866,Monday,6.251645661004753,0.018354266908680833
2017-05-02,767.316,Tuesday,6.644201106855238,0.027230009395940346
2017-05-03,1099.013,Wednesday,7.003077276898446,0.03903220284471372
2017-05-04,1900.1465,Thursday,7.550212404221885,0.06753753314704652
2017-05-05,2701.28,Friday,7.901851140094249,0.09604286344937933
2017-05-06,236.96,Saturday,5.472102592319705,0.008359280662434609
2017-05-07,4835.976,Sunday,8.484045011057521,0.17199801271609783
2017-05-08,1340.2440000000001,Monday,7.201352820495947,0.04761550304893942
2017-05-09,1283.512,Tuesday,7.158134158662782,0.045596907647908316
2017-05-10,763.0200000000001,Wednesday,6.638593966834353,0.027077152351541605
2017-05-11,5.98,Thursday,1.943048916774281,0.00014072383859335086
2017-05-12,918.878,Friday,6.8242410525541235,0.03262277461082921
2017-05-13,687.404,Saturday,6.53437587489575,0.02438664065013204
2017-05-14,455.93,Sunday,6.124530206295522,0.016150506689434872
2017-05-15,648.9119999999999,Monday,6.476836969108974,0.023017047225319075
2017-05-16,880.4599999999999,Tuesday,6.781579623610391,0.03125581419841976
2017-05-17,346.922,Wednesday,5.85197831672078,0.012271865931562813
2017-05-18,122.22,Thursday,4.813971375586425,0.004276688187036107
2017-05-19,1582.008,Friday,7.367082113563757,0.05621776805872016
2017-05-20,2471.913,Saturday,7.813152086959199,0.08788169917968498
2017-05-21,2718.2140000000004,Sunday,7.908098146941763,0.09664539631480028
2017-05-22,1799.2,Monday,7.495653048822985,0.06394573062553864
2017-05-23,10560.978000000001,Tuesday,9.265015850325872,0.3757007326641663
2017-05-24,277.756,Wednesday,5.630336847206353,0.009810853284243543
2017-05-25,1311.97,Thursday,7.180047025603077,0.046609478823303914
2017-05-26,1975.356,Friday,7.589010024023919,0.07021358107086109
2017-05-27,5305.078,Saturday,8.576608234928875,0.1886892476419684
2017-05-28,2137.324,Sunday,7.667777623602031,0.07597660475968229
2017-05-29,1063.185,Monday,6.969964526968025,0.03775739786642735
2017-05-30,8090.578,Tuesday,8.99857904665589,0.28780081588514883
2017-05-31,438.85900000000004,Wednesday,6.086454221010323,0.015543099192942559
2017-06-01,298.3515,Thursday,5.701618468215663,0.010543666891765505
2017-06-02,157.844,Friday,5.067922588519634,0.0055442345905884535
2017-06-03,1237.1834999999999,Saturday,7.121400665200833,0.04394848176768782
2017-06-04,2316.5229999999997,Sunday,7.748254221878357,0.08235272894478718
2017-06-05,659.82,Monday,6.493481488092577,0.023405167486096896
2017-06-06,5477.352,Tuesday,8.608559604786741,0.1948189716798523
2017-06-07,51.562,Wednesday,3.961993425202786,0.0017625883166621544
2017-06-08,870.0170000000002,Thursday,6.7696614944576705,0.030884239218285668
2017-06-09,1688.4720000000002,Friday,7.432171333066435,0.06000589011990917
2017-06-10,1412.3960000000002,Saturday,7.253750598197564,0.05018276130486545
2017-06-11,1623.416,Sunday,7.392903645554326,0.05769111640473115
2017-06-12,2962.563,Monday,7.994147539648801,0.10533963885246062
2017-06-13,430.43800000000005,Tuesday,6.0671238153794365,0.015243469497672116
2017-06-14,3457.099,Wednesday,8.148474295098898,0.12293584725766955
2017-06-15,173.488,Thursday,5.161855971369551,0.006100867645191331
2017-06-16,147.27499999999998,Friday,4.9990686577247905,0.005168176373118637
2017-06-17,3000.92,Saturday,8.007007362937586,0.1067044288086996
2017-06-18,541.938,Sunday,6.2969951329360265,0.019210778727295028
2017-06-19,17.12,Monday,2.8970163006148333,0.0005370989490686805
2017-06-20,1229.548,Tuesday,7.115214877603414,0.04367680114326822
2017-06-21,577.108,Wednesday,6.359760702428937,0.02046217124393931
2017-06-22,1526.101,Thursday,7.331126445794885,0.05422852718786341
2017-06-23,2475.094,Friday,7.81443759754266,0.08799488313178751
2017-06-24,5310.952,Saturday,8.577714654970865,0.1888982518968097
2017-06-25,893.266,Sunday,6.796003270067407,0.031711467669222906
2017-06-26,1919.6000000000001,Monday,7.560392916203872,0.06822971296855747
2017-06-27,778.7059999999999,Tuesday,6.658916925553356,0.027635279818589712
2017-06-28,877.156,Wednesday,6.7778242543900955,0.031138253752727614
2017-06-29,191.88,Thursday,5.262068233872916,0.006755277971211283
2017-06-30,1352.9499999999998,Friday,7.2107815251685174,0.048067598394872936
2017-07-01,1724.376,Saturday,7.453200276727722,0.06128339927309644
2017-07-02,772.786,Sunday,6.651295349572371,0.02742463882630839
2017-07-03,847.6999999999999,Monday,6.743705766975631,0.03009017249113324
2017-07-04,1651.301,Tuesday,7.409924140873732,0.058683299524623846
2017-07-05,2394.9443333333334,Wednesday,7.781532725799058,0.08514305790920575
2017-07-06,3138.5876666666663,Thursday,8.051846753931358,0.11160281629378763
2017-07-07,3882.2309999999998,Friday,8.264422818047189,0.13806257467836952
2017-07-08,2616.512,Saturday,7.869979527261403,0.09302671215990242
2017-07-09,573.286,Sunday,6.353127530070068,0.020326179711422553
2017-07-10,895.895,Monday,6.79893879835092,0.03180501077204514
2017-07-11,495.8275,Tuesday,6.208242883354589,0.0175701095592903
2017-07-12,95.76,Wednesday,4.572233685741827,0.0033352083465354593
2017-07-13,1122.86,Thursday,7.024524467535856,0.039880708882371274
2017-07-14,2149.96,Friday,7.673669533092963,0.07642620941820709
2017-07-15,380.2,Saturday,5.943324171780047,0.013455938725673945
2017-07-16,910.17,Sunday,6.81472948797377,0.03231293309718296
2017-07-17,2184.88,Monday,7.689773772444715,0.07766870662267734
2017-07-18,2891.858,Tuesday,7.970000219775624,0.10282386666339795
2017-07-19,1536.454,Wednesday,7.337883080533913,0.054596899855614854
2017-07-20,89.95,Thursday,4.5103099049641315,0.0031284812916107137
2017-07-21,991.095,Friday,6.899818868828622,0.03519234564792049
2017-07-22,1368.048,Saturday,7.221870886762904,0.04860480408768771
2017-07-23,654.587,Sunday,6.48553101750895,0.02321897081166984
2017-07-24,326.964,Monday,5.792903846262941,0.01156173537008466
2017-07-25,4979.308,Tuesday,8.513247015495786,0.1770979442542172
2017-07-26,3997.33,Wednesday,8.293632052924638,0.14215794082204997
2017-07-27,3015.352,Thursday,8.011803433192993,0.10721793738988271
2017-07-28,2033.374,Friday,7.617943433845354,0.07227793395771547
2017-07-29,819.154,Saturday,6.7094921275032195,0.029074470165852385
2017-07-30,1770.7759999999998,Sunday,7.479737712339289,0.0629343692125987
2017-07-31,2174.1580000000004,Monday,7.684856584562521,0.07728720447415702
2017-08-01,1124.648,Tuesday,7.026114148814194,0.039944328155040024
2017-08-02,482.584,Wednesday,6.181225032998935,0.017098889292182576
2017-08-03,248.82,Thursday,5.520740658537763,0.00878127427197118
2017-08-04,497.90999999999997,Friday,6.212425718763125,0.017644207509700072
2017-08-05,197.05,Saturday,5.288519524067926,0.00693923302697048
2017-08-06,320.38800000000003,Sunday,5.772649115954235,0.011327753078658648
2017-08-07,179.97,Monday,5.19833127167211,0.006331505299239903
2017-08-08,1115.204,Tuesday,7.017688921935083,0.0396082988423534
2017-08-09,661.3539999999999,Wednesday,6.495800156215228,0.023459749121596818
2017-08-10,406.587,Thursday,6.010254406826206,0.014394821135019772
2017-08-11,151.82,Friday,5.02926075821942,0.005329893148442728
2017-08-12,3951.9605,Saturday,8.282220070835933,0.1405436373593291
2017-08-13,731.524,Sunday,6.596496104859597,0.02595648534260704
2017-08-14,923.688,Monday,6.8294563833176,0.03279392041705778
2017-08-15,1680.2659999999998,Tuesday,7.42730236003349,0.059713910393108395
2017-08-16,204.54000000000002,Wednesday,5.325640662196927,0.007205736579704791
2017-08-17,15.712,Thursday,2.8161270242542646,0.00048700055090447364
2017-08-18,496.114,Friday,6.208819376051462,0.01758030358704175
2017-08-19,448.792,Saturday,6.108785253684522,0.015896527736241613
2017-08-20,14.78,Sunday,2.7587433154177283,0.00045383882711964353
2017-08-21,4225.1179999999995,Monday,8.349039120171414,0.15026292230005303
2017-08-22,405.35,Tuesday,6.007214857199214,0.014350807130382611
2017-08-23,4187.348,Wednesday,8.34006166309414,0.1489190185367987
2017-08-24,4416.3313333333335,Thursday,8.393291021989727,0.15706653146740995
2017-08-25,4645.314666666666,Friday,8.443829639548865,0.16521404439802118
2017-08-26,4874.298,Saturday,8.491936509768824,0.17336155732863243
2017-08-27,767.9110000000001,Sunday,6.644975228087448,0.02725118023891457
2017-08-28,322.0248,Monday,5.777729100460967,0.011385992466524539
2017-08-29,632.188,Tuesday,6.450767376469097,0.022421986422124337
2017-08-30,1656.8700000000001,Wednesday,7.41328892490105,0.05888145149861282
2017-08-31,23.968,Thursday,3.2175950049684783,0.0007807593401400499
2017-09-01,5766.152,Friday,8.659933650126062,0.2050948363033061
2017-09-02,6792.193,Saturday,8.823676360387877,0.2416026562967727
2017-09-03,2365.596,Sunday,7.769207914760574,0.08409880756205432
2017-09-04,1707.812,Monday,7.443553671213128,0.060694031469693085
2017-09-05,5226.348,Tuesday,8.561659353883392,0.18588793593211894
2017-09-06,1313.536,Wednesday,7.181239030634026,0.04666519905876212
2017-09-07,2903.7598000000003,Thursday,7.974105980841599,0.10324734756913002
2017-09-08,4493.9836000000005,Friday,8.410717298400733,0.15982949607949792
2017-09-09,84.992,Saturday,4.454254268670763,0.002952069460575105
2017-09-10,2094.324,Sunday,7.647463474336498,0.074446611065747
2017-09-11,6402.018,Monday,8.764524720697109,0.22771974258674468
2017-09-12,2043.792,Tuesday,7.623051351812495,0.07264861940663216
2017-09-13,2374.73,Wednesday,7.773060037661798,0.08442380668764514
2017-09-14,1137.338,Thursday,7.037324582889139,0.04039585420099442
2017-09-15,2101.1820000000002,Friday,7.6507311318942195,0.07469062726930534
2017-09-16,425.88599999999997,Saturday,6.05651699866069,0.015081503653607149
2017-09-17,2043.126,Sunday,7.622725593259308,0.0726249222950005
2017-09-18,4751.082,Monday,8.466338116785856,0.1689773781892852
2017-09-19,3839.312,Tuesday,8.25330889228117,0.13653546306557862
2017-09-20,1232.004,Wednesday,7.117208747279115,0.04376418869006601
2017-09-21,825.0329999999999,Thursday,6.716634724296785,0.02928365232693716
2017-09-22,418.062,Friday,6.038018880335838,0.01480311596380832
2017-09-23,1322.145,Saturday,7.187766757504694,0.046971518028787435
2017-09-24,2286.05,Sunday,7.735018056486026,0.08126846155326882
2017-09-25,2384.003,Monday,7.776955661183286,0.08475375160680472
2017-09-26,2698.1665,Tuesday,7.900698300629919,0.0959320812315638
2017-09-27,1992.9858,Wednesday,7.597890829132334,0.07084087136912481
2017-09-28,99.136,Thursday,4.606529262025722,0.0034553306421337276
2017-09-29,1271.5520000000001,Friday,7.148779612029828,0.04517135591350213
2017-09-30,525.884,Saturday,6.266980410460761,0.01863955736072672
2017-10-01,781.414,Sunday,6.662384012221049,0.027731633840058945
2017-10-02,18452.972,Monday,9.823034910851124,0.6565077338868448
2017-10-03,1680.696,Tuesday,7.427558086980356,0.05972921033004775
2017-10-04,5912.782,Wednesday,8.685040838048876,0.21031211479962544
2017-10-05,3371.5910000000003,Thursday,8.123436570668211,0.1198933658441575
2017-10-06,830.4000000000001,Friday,6.723111026818537,0.029474616888689513
2017-10-07,973.712,Saturday,6.882142042747835,0.03457383680183497
2017-10-08,561.5360000000001,Sunday,6.332455132030662,0.019908100039242562
2017-10-09,546.92,Monday,6.30612929088965,0.019388044508299344
2017-10-10,252.36100000000002,Tuesday,5.534815349175547,0.008907267473604317
2017-10-11,33.064,Wednesday,3.5282411081511236,0.0011044063782804088
2017-10-12,841.8409999999999,Thursday,6.736778328112712,0.02988170195502238
2017-10-13,1650.618,Friday,7.409510692475191,0.05865899753176436
2017-10-14,3335.888,Saturday,8.11279391510751,0.11862300852195813
2017-10-15,1620.15,Sunday,7.390891052926464,0.057574908046489466
2017-10-16,142.182,Monday,4.964116548301827,0.004986961073509045
2017-10-17,2953.346,Tuesday,7.991032585548404,0.10501168648322802
2017-10-18,307.92,Wednesday,5.733082343701064,0.010884126069914806
2017-10-19,627.047,Thursday,6.4426150044321,0.022239063222577328
2017-10-20,946.174,Friday,6.853482814428677,0.03359400037523985
2017-10-21,7877.272,Saturday,8.9718638694644,0.28021112205076365
2017-10-22,188.28,Sunday,5.243227400230077,0.006627185475905072
2017-10-23,467.42199999999997,Monday,6.149369599023656,0.016559406399451252
2017-10-24,1365.498,Tuesday,7.22000654177393,0.04851407190351248
2017-10-25,783.96,Wednesday,6.665632761070125,0.027822223699239392
2017-10-26,881.375,Thursday,6.782617135715636,0.03128837104097675
2017-10-27,978.7900000000001,Friday,6.887338262987868,0.03475451838271412
2017-10-28,2899.0209999999997,Saturday,7.972473257327657,0.10307873514780859
2017-10-29,131.154,Sunday,4.883967909226341,0.004594571062887687
2017-10-30,159.002,Monday,5.075186315155703,0.005585437676578619
2017-10-31,3750.4990000000003,Tuesday,8.229910772425706,0.13337538562512571
2017-11-01,453.374,Wednesday,6.118920647460053,0.016059561017767465
2017-11-02,2128.085,Thursday,7.66344758894385,0.07564786960297838
2017-11-03,3802.7960000000003,Friday,8.243754794467009,0.1352361781881893
2017-11-04,3888.8179999999998,Saturday,8.266117648885572,0.13829694836353118
2017-11-05,4266.8988,Sunday,8.35887690080032,0.15174953533557797
2017-11-06,773.2560000000001,Monday,6.6519025682582225,0.027441362013195594
2017-11-07,3810.464,Tuesday,8.245768646283368,0.13550901520319153
2017-11-08,993.9000000000001,Wednesday,6.9026422295953145,0.03529215105051325
2017-11-09,479.97,Thursday,6.175804898098298,0.01700587990809079
2017-11-10,4723.478,Friday,8.460512357634423,0.16799519340027613
2017-11-11,4944.296,Saturday,8.506192100708239,0.17585217357486693
2017-11-12,4914.938,Sunday,8.500237858726818,0.17480757927564478
2017-11-13,2945.138,Monday,7.988250439102657,0.10471963559392986
2017-11-14,2774.0620000000004,Tuesday,7.928428368273291,0.09863253789198395
2017-11-15,2145.718,Wednesday,7.671695443187856,0.07627527376123794
2017-11-16,36.72,Thursday,3.6301904577652566,0.001234491423513605
2017-11-17,142.684,Friday,4.9676164438100265,0.005004822860354522
2017-11-18,3958.9320000000002,Saturday,8.283982132383919,0.14079169203461445
2017-11-19,638.462,Sunday,6.460627197830388,0.022645223176444105
2017-11-20,3070.333,Monday,8.029866948297249,0.10917423002444682
2017-11-21,1176.891,Tuesday,7.071480830219019,0.04180319933067402
2017-11-22,317.044,Wednesday,5.762189737988527,0.011208769383018655
2017-11-23,100.61599999999999,Thursday,4.6212010030606185,0.0035079908902040584
2017-11-24,6394.5380000000005,Friday,8.763355838699539,0.22745359484649735
2017-11-25,7978.551,Saturday,8.984637423196721,0.28381475533746303
2017-11-26,8329.743,Sunday,9.027707926861462,0.29631060522956826
2017-11-27,1305.769,Monday,7.175312957376366,0.046388839500138966
2017-11-28,3428.372,Tuesday,8.140132433017888,0.12191370472637468
2017-11-29,300.592,Wednesday,5.709075110583063,0.010623386679469273
2017-11-30,970.142,Thursday,6.878472698587825,0.03444681174398965
2017-12-01,7365.455,Friday,8.904691865393259,0.26200003408683625
2017-12-02,4684.616,Saturday,8.452252669487175,0.1666124349134456
2017-12-03,5269.816,Sunday,8.56994046825881,0.18743458165044405
2017-12-04,944.2860000000001,Monday,6.8514875272084765,0.03352682297770149
2017-12-05,5138.934,Tuesday,8.544795517899844,0.18277763665859198
2017-12-06,2859.974,Wednesday,7.958917405277254,0.10168939412996927
2017-12-07,3784.5345,Thursday,8.23894237122525,0.1345864112151242
2017-12-08,4709.095,Friday,8.457463356658435,0.16748342830027912
2017-12-09,1855.483,Saturday,7.5264391165593185,0.06594835004590514
2017-12-10,3453.23,Sunday,8.147354845951138,0.12279818340646408
2017-12-11,6102.25,Monday,8.716576695166108,0.2170536228275913
2017-12-12,1874.0449999999998,Tuesday,7.5363879381165155,0.06660880918420345
2017-12-13,1194.088,Wednesday,7.085975101821671,0.042415090064502045
2017-12-14,828.654,Thursday,6.721008746407366,0.029412492028465995
2017-12-15,2637.087,Friday,7.877809312263394,0.09375879635182612
2017-12-16,628.5419999999999,Saturday,6.444992570877492,0.0222922571893781
2017-12-17,12185.134,Sunday,9.408054026973158,0.43349023122154234
2017-12-18,7051.35,Monday,8.861116173596434,0.2508237859651259
2017-12-19,815.1120000000001,Tuesday,6.704551600447475,0.02893065075862247
2017-12-20,134.54,Wednesday,4.909266799707967,0.004715049170972917
2017-12-21,588.834,Thursday,6.379841141379556,0.0208793969661506
2017-12-22,1043.128,Friday,6.950937366291146,0.037043744761328275
2017-12-23,6965.857,Saturday,8.848919469485756,0.24778183827034428
2017-12-24,1938.26,Sunday,7.5700617359904046,0.06889365906922798
2017-12-25,10488.055,Monday,9.258087611536377,0.3731060412654955
2017-12-26,1829.418,Tuesday,7.51229963505321,0.06502092479863948
2017-12-27,959.49,Wednesday,6.86744357091027,0.03406780028287804
2017-12-28,1118.585,Thursday,7.020713359909534,0.03972859904419515
2017-12-29,1277.68,Friday,7.153583574809528,0.04538939780551226
2017-12-30,773.774,Saturday,6.652571373922811,0.027459793100020207
2017-12-31,731.768,Sunday,6.59682914428417,0.02596516716728891
2018-01-01,1481.8280000000002,Monday,7.301706354292249,0.0526532385643379
2018-01-02,2079.554,Tuesday,7.64038948338537,0.07392107602250457
2018-01-03,2070.272,Wednesday,7.635918190289675,0.07359081087210673
2018-01-04,1391.4279999999999,Thursday,7.23880426489913,0.04943669368220415
2018-01-05,712.5840000000001,Friday,6.57030015948977,0.02528257649230159
2018-01-06,33.74,Saturday,3.5478917608129588,0.0011284593023990195
2018-01-07,3395.59,Sunday,8.130527266145744,0.12074728023161686
2018-01-08,892.98,Monday,6.795683403558618,0.0317012914320958
2018-01-09,274.491,Tuesday,5.618554960182775,0.00969468050725055
2018-01-10,465.83399999999995,Wednesday,6.145973734092441,0.016502903376521733
2018-01-11,657.1769999999999,Thursday,6.489473892112608,0.023311126245792915
2018-01-12,848.52,Friday,6.74467148409559,0.0301193491150641
2018-01-13,4619.33,Saturday,8.438221410096315,0.16428947751106746
2018-01-14,697.338,Sunday,6.548703226243366,0.024740104774679784
2018-01-15,2140.28,Monday,7.669159060048065,0.07608178293082818
2018-01-16,6230.2919999999995,Tuesday,8.737338973908095,0.22160951707314624
2018-01-17,4612.373,Wednesday,8.436714538732481,0.1640419387638882
2018-01-18,2994.4539999999997,Thursday,8.004851085038185,0.10647436045463014
2018-01-19,1376.5349999999999,Friday,7.22805094905274,0.0489067821453721
2018-01-20,767.838,Saturday,6.644880284114076,0.027248582807759745
2018-01-21,2546.643,Sunday,7.842923896985637,0.09054068589474974
2018-01-22,4212.372,Monday,8.346018556205818,0.14980940370417167
2018-01-23,450.334,Tuesday,6.112207641907895,0.015951394021731107
2018-01-24,418.66599999999994,Wednesday,6.039459156812624,0.014824607038020804
2018-01-25,1736.9729999999997,Thursday,7.460474770606853,0.061731616262922076
2018-01-26,3055.2799999999997,Friday,8.024953769125926,0.10863862548782337
2018-01-27,331.914,Saturday,5.807884198367779,0.011737862551130698
2018-01-28,1007.52,Sunday,6.916239188630447,0.035776767657755074
2018-01-29,158.642,Monday,5.07293380829048,0.005572628427047997
2018-01-30,3749.335,Tuesday,8.229600448307805,0.13333396905164338
2018-01-31,2804.0080000000003,Wednesday,7.93916167000264,0.09969805396543945
2018-02-01,1858.6810000000003,Thursday,7.528160246622174,0.06606213887923551
2018-02-02,913.354,Friday,6.818217805003478,0.03242622379303157
2018-02-03,922.327,Saturday,6.827983451283973,0.032745494337582295
2018-02-04,32.67,Sunday,3.516607233172983,0.001090387366294118
2018-02-05,2263.012,Monday,7.724893739662384,0.08044874074580646
2018-02-06,904.354,Tuesday,6.8083260274377055,0.03210599255476604
2018-02-07,860.824,Wednesday,6.759051073482761,0.030557140799021772
2018-02-08,817.294,Thursday,6.707221685232228,0.02900828904327751
2018-02-09,773.7639999999999,Friday,6.652558466849864,0.027459437287533243
2018-02-10,227.103,Saturday,5.4297972813301145,0.008008556294036465
2018-02-11,1241.516,Sunday,7.124893635151454,0.04410263752766398
2018-02-12,1149.973,Monday,7.048362950584014,0.04084542327827052
2018-02-13,1058.43,Tuesday,6.965486306625283,0.03758820902887707
2018-02-14,1151.434,Wednesday,7.0496315064197175,0.040897407482615625
2018-02-15,1244.438,Thursday,7.127242554258071,0.04420660593635419
2018-02-16,1337.442,Friday,7.199261529933387,0.047515804390092745
2018-02-17,2964.8174,Saturday,7.994907956406219,0.10541985321952126
2018-02-18,287.326,Sunday,5.66409178441432,0.010151365834265888
2018-02-19,1314.59,Monday,7.182040513191456,0.046702701694887876
2018-02-20,1150.29,Tuesday,7.048638331808491,0.040856702534107205
2018-02-21,47.904,Wednesday,3.8898591927264246,0.001632432108931566
2018-02-22,82.852,Thursday,4.429053340101636,0.002875925588365302
2018-02-23,117.79999999999998,Friday,4.777441406928545,0.004119419067799037
2018-02-24,1448.676,Saturday,7.279095362170472,0.051473649007562475
2018-02-25,430.49199999999996,Sunday,6.06724897037479,0.015245390885101706
2018-02-26,2467.5099999999998,Monday,7.811370008733856,0.08772503494167574
2018-02-27,1242.5649999999998,Tuesday,7.125737533690765,0.04413996225754625
2018-02-28,17.62,Wednesday,2.924236271848921,0.0005548895734167653
2018-03-01,733.873,Thursday,6.599697695167431,0.026040065695794347
2018-03-02,1450.126,Friday,7.2800950857784725,0.05152524181817192
2018-03-03,2000.1039999999998,Saturday,7.601454307246125,0.07109414581359388
2018-03-04,228.822,Sunday,5.437305096254418,0.00806972046054518
2018-03-05,1240.02,Monday,7.1236889011102,0.044049407979614506
2018-03-06,778.236,Tuesday,6.658313952493114,0.027618556631702516
2018-03-07,166.59,Wednesday,5.121520520396782,0.005855428191685153
2018-03-08,843.1,Thursday,6.738270970989674,0.029926498747130863
2018-03-09,710.804,Friday,6.567802592616358,0.025219241869622405
2018-03-10,1252.952,Saturday,7.134055442948302,0.04450954468775337
2018-03-11,1973.708,Sunday,7.588175818303348,0.07015494317300981
2018-03-12,353.28,Monday,5.870087560941382,0.012498091510773057
2018-03-13,4791.35,Tuesday,8.47477617552544,0.17041016391178257
2018-03-14,49.616,Wednesday,3.924267731844583,0.0016933472066994085
2018-03-15,1031.9985000000001,Thursday,6.940221017037268,0.03664774325396426
2018-03-16,2014.381,Friday,7.608563538392913,0.07160213930122912
2018-03-17,542.746,Saturday,6.298482226053997,0.019239528376241533
2018-03-18,1027.758,Sunday,6.936107528388747,0.03649686096886815
2018-03-19,2157.308,Monday,7.677079860379007,0.07668766043362654
2018-03-20,899.568,Tuesday,6.803025675368556,0.03193570069850617
2018-03-21,3332.636,Wednesday,8.111818879186002,0.11850729830119819
2018-03-22,9074.351999999999,Thursday,9.11331744625961,0.3228047232399744
2018-03-23,14816.068,Friday,9.603535038521278,0.5271021481787507
2018-03-24,1257.298,Saturday,7.137515293150581,0.04466418079458693
2018-03-25,3567.026,Sunday,8.179767780668866,0.12684718718309337
2018-03-26,3252.88,Monday,8.087603409409986,0.11566948023018649
2018-03-27,2933.516,Tuesday,7.9842978123604205,0.10430611032158298
2018-03-28,1504.702,Wednesday,7.317014513613962,0.05346712404701408
2018-03-29,81.4,Thursday,4.411585436915426,0.0028242616152584638
2018-03-30,656.407,Friday,6.488303309180731,0.02328372868429687
2018-03-31,4981.010799999999,Saturday,8.513588863623871,0.17715853200449702
2018-04-01,5972.988,Sunday,8.695169990069653,0.21245431945862706
2018-04-02,822.97,Monday,6.714134121479702,0.02921024821087697
2018-04-03,32.528,Tuesday,3.5123809106227704,0.0010853348289792618
2018-04-04,808.47,Wednesday,6.696379712517428,0.02869432010478251
2018-04-05,461.445,Thursday,6.136527630962146,0.01634673727599425
2018-04-06,114.41999999999999,Friday,4.7485776492828204,0.003999154447205984
2018-04-07,1971.2905,Saturday,7.586950836686404,0.07006892550428681
2018-04-08,6401.93,Sunday,8.764510977083594,0.22771661143685942
2018-04-09,1626.71,Monday,7.394929398016843,0.05780832103793634
2018-04-10,755.529,Tuesday,6.628740866928562,0.026810613217558593
2018-04-11,319.806,Wednesday,5.770836579059351,0.011307044791917477
2018-04-12,69.66,Thursday,4.257879641930999,0.002406537755565432
2018-04-13,1345.8239999999998,Friday,7.205504507145965,0.047814046416664036
2018-04-14,652.93,Saturday,6.483000312089546,0.023160012682580285
2018-04-15,332.338,Sunday,5.809156990216028,0.011752949000577875
2018-04-16,944.429,Monday,6.851638792735298,0.033531911096265035
2018-04-17,3431.4590000000003,Tuesday,8.14103219292403,0.12202354404109977
2018-04-18,2638.844,Wednesday,7.878475103485334,0.09382131260578529
2018-04-19,1846.229,Thursday,7.521441957354036,0.0656190811704708
2018-04-20,1053.614,Friday,6.960930102183677,0.03741684973515631
2018-04-21,1254.564,Saturday,7.135340153005313,0.0445669016606516
2018-04-22,947.692,Sunday,6.855084193771309,0.033648012710760636
2018-04-23,1199.222,Monday,7.090261818665702,0.04259776419530818
2018-04-24,928.558,Tuesday,6.834709204354076,0.032967201098208124
2018-04-25,678.113,Wednesday,6.520787534919881,0.024056055268495927
2018-04-26,61.608000000000004,Thursday,4.1368930654680565,0.0021200375410638747
2018-04-27,576.5756,Friday,6.35883934291901,0.020443227787133474
2018-04-28,795.296,Saturday,6.679970976018333,0.02822557273445917
2018-04-29,1053.26,Sunday,6.960594377997856,0.03740425397311787
2018-04-30,1390.1260000000002,Monday,7.237868770135995,0.04939036689640175
2018-05-01,4108.37,Tuesday,8.321025011069452,0.14610888267727262
2018-05-02,399.11,Wednesday,5.991739509302413,0.014128780138518513
2018-05-03,1386.346,Thursday,7.2351478484696425,0.04925586977633022
2018-05-04,1146.2450000000001,Friday,7.045118695017462,0.040712776383131206
2018-05-05,185.123,Saturday,5.226407745479684,0.006514855473771264
2018-05-06,2991.4018,Sunday,8.003831621521929,0.10636575936735972
2018-05-07,2549.468,Monday,7.844032150724774,0.09064120292231642
2018-05-08,3658.5540000000005,Tuesday,8.205096561046634,0.13010386771375643
2018-05-09,1078.222,Wednesday,6.983995690156484,0.038292433103071656
2018-05-10,763.8455,Thursday,6.639673852645396,0.027106524672340288
2018-05-11,449.469,Friday,6.110289262250076,0.01592061624160892
2018-05-12,970.384,Saturday,6.878721858703316,0.034455422406174115
2018-05-13,3066.378,Sunday,8.028578403993006,0.10903350618585346
2018-05-14,4182.062,Monday,8.338798793230515,0.14873093605619075
2018-05-15,421.264,Tuesday,6.045630710851711,0.014917047122133454
2018-05-16,221.024,Wednesday,5.4027854841371274,0.007792257883212451
2018-05-17,1025.766,Thursday,6.93416933586597,0.03642598312146539
2018-05-18,1830.508,Friday,7.512894950213697,0.06505970835971832
2018-05-19,4919.182,Saturday,8.50110080067209,0.1749585860951113
2018-05-20,2997.578,Sunday,8.005893455276736,0.10658551627555699
2018-05-21,538.02,Monday,6.289752675971987,0.019071371394903436
2018-05-22,336.56199999999995,Tuesday,5.821749197144829,0.011903244195070493
2018-05-23,241.436,Wednesday,5.490737758019406,0.008518542331598664
2018-05-24,563.731,Thursday,6.336349511577209,0.01998620088013065
2018-05-25,886.026,Friday,6.787874294168596,0.03145385942866264
2018-05-26,270.24,Saturday,5.603004037815642,0.009543424619043134
2018-05-27,2084.908,Sunday,7.642959531040669,0.07411157802802386
2018-05-28,1480.103,Monday,7.3005423594524474,0.052591860910337004
2018-05-29,691.108,Tuesday,6.539742012804275,0.02451843359530265
2018-05-30,736.8904,Wednesday,6.603795304086752,0.026147428555610166
2018-05-31,661.4662000000001,Thursday,6.4959695376909465,0.023463741337700534
2018-06-01,586.042,Friday,6.375096367524035,0.020780054119790895
2018-06-02,135.70600000000002,Saturday,4.917832634500414,0.0047565369069526514
2018-06-03,2952.036,Sunday,7.990589072661824,0.10496507504743603
2018-06-04,279.414,Monday,5.636267082587364,0.009869846994581793
2018-06-05,491.11199999999997,Tuesday,6.19870633286216,0.01740232618106351
2018-06-06,31.349999999999998,Wednesday,3.4766140209469096,0.001043420118015174
2018-06-07,1129.194,Thursday,7.030144578386747,0.04010608051161281
2018-06-08,2227.038,Friday,7.708876656557025,0.07916874090521045
2018-06-09,939.1329999999999,Saturday,6.846021354617076,0.03334347280317012
2018-06-10,2513.3430000000003,Sunday,7.8297668158022855,0.08935583031316731
2018-06-11,1580.894,Monday,7.366378142290078,0.05617813054767263
2018-06-12,1679.968,Tuesday,7.427125096939499,0.059703307180996944
2018-06-13,1156.018,Wednesday,7.053601284548892,0.04106051192663887
2018-06-14,2606.764,Thursday,7.866248428154458,0.09267986614761216
2018-06-15,4057.51,Friday,8.308571190162715,0.14429922036858545
2018-06-16,2724.194,Saturday,7.910294897223817,0.09685817218200335
2018-06-17,3896.672,Sunday,8.268134730811305,0.13857640349079092
2018-06-18,1031.1555,Monday,6.939404612985248,0.03661774826131339
2018-06-19,1900.193,Tuesday,7.550236862847951,0.0675391876751109
2018-06-20,1028.228,Wednesday,6.936564285634104,0.036513584155755355
2018-06-21,595.656,Thursday,6.391340732911922,0.021122132244755867
2018-06-22,579.019,Friday,6.363060861624603,0.020530167010197695
2018-06-23,881.8515,Saturday,6.783157009790236,0.03130532550598048
2018-06-24,1184.684,Sunday,7.078075102234495,0.042080484001763264
2018-06-25,1508.3519999999999,Monday,7.319435698629598,0.05359699560475509
2018-06-26,4224.136,Tuesday,8.348806728622321,0.15022798151383343
2018-06-27,1644.906,Wednesday,7.4060462714653355,0.05845575743921184
2018-06-28,3083.4486,Thursday,8.034128184545862,0.1096408994498463
2018-06-29,4521.9912,Friday,8.41692882386463,0.16082604146048077
2018-06-30,4721.977,Saturday,8.460194600098106,0.1679417859459832
2018-07-01,639.83,Sunday,6.462764211137693,0.022693898324660466
2018-07-02,169.192,Monday,5.136927211509309,0.005948010600792587
2018-07-03,6963.4039999999995,Tuesday,8.848567311841828,0.24769455746729255
2018-07-04,3719.879,Wednesday,8.221715209677612,0.132285887790049
2018-07-05,476.35400000000004,Thursday,6.168258354004618,0.01687721811280544
2018-07-06,380.37800000000004,Friday,5.943791009279248,0.013462272187941864
2018-07-07,1620.25,Saturday,7.390952735630654,0.05757846617135908
2018-07-08,1980.2640000000001,Sunday,7.591490303846681,0.0703882138394619
2018-07-09,1671.214,Monday,7.421903775885193,0.05939182892991067
2018-07-10,359.21399999999994,Tuesday,5.8866982992824886,0.012709230640536128
2018-07-11,1728.892,Wednesday,7.455814257797467,0.06144408419220834
2018-07-12,3.816,Thursday,1.57194370800652,6.372601641483979e-05
2018-07-13,504.542,Friday,6.2256311210624835,0.01788018235105307
2018-07-14,3598.9339999999997,Saturday,8.18867079094281,0.12798251366649077
2018-07-15,2132.229,Sunday,7.665392073233704,0.0757953182975753
2018-07-16,74.284,Monday,4.321267628828318,0.002571065449536521
2018-07-17,2191.873,Tuesday,7.692967835204243,0.07791752629480965
2018-07-18,2106.794,Wednesday,7.653397181925902,0.07489030923698822
2018-07-19,2195.001,Thursday,7.694393258002724,0.07802882444073127
2018-07-20,2283.208,Friday,7.73377463493066,0.0811673396444743
2018-07-21,3683.832,Saturday,8.211980213353506,0.13100329051829818
2018-07-22,556.3140000000001,Sunday,6.323128815379645,0.019722294758551164
2018-07-23,898.188,Monday,6.801492133854649,0.03188659857530545
2018-07-24,2399.96,Tuesday,7.783623936357364,0.0853215215922495
2018-07-25,798.742,Wednesday,6.6842891756536185,0.02834818571746617
2018-07-26,2012.3020000000001,Thursday,7.60753143922574,0.07152816588518977
2018-07-27,947.832,Friday,6.855231754487541,0.0336529940855781
2018-07-28,1170.5639999999999,Saturday,7.066094887270836,0.04157807677017335
2018-07-29,1391.294,Sunday,7.23870802548988,0.04943192579487887
2018-07-30,523.376,Monday,6.262208984251833,0.018550319588996726
2018-07-31,1558.028,Tuesday,7.351817829127411,0.05536452971498602
2018-08-01,2085.65,Wednesday,7.643315188173689,0.07413797931455643
2018-08-02,1300.239,Thursday,7.171072166483266,0.04619207519484915
2018-08-03,514.828,Friday,6.245773376580325,0.01824617107514187
2018-08-04,20.07,Saturday,3.0478502278160975,0.0006420636327223808
2018-08-05,503.676,Sunday,6.223916639213754,0.017849368989682184
2018-08-06,1424.026,Monday,7.261945338150337,0.050596571227201896
2018-08-07,3479.624,Tuesday,8.15496686703917,0.12373731488455077
2018-08-08,2927.4393333333333,Wednesday,7.982224909362837,0.10408989493367259
2018-08-09,2375.2546666666667,Thursday,7.773280857679371,0.08444247498279439
2018-08-10,1823.0700000000002,Friday,7.508825547090874,0.06479505503191621
2018-08-11,708.726,Saturday,6.5648789800578555,0.025145304034831766
2018-08-12,3693.084,Sunday,8.214487900078339,0.13133248823123514
2018-08-13,2643.164,Monday,7.880110226279435,0.09397502360015274
2018-08-14,440.736,Tuesday,6.09071241856404,0.015609885196745268
2018-08-15,1949.872,Wednesday,7.576031731090023,0.06930682852908791
2018-08-16,80.564,Thursday,4.401387988152502,0.0027945156913484655
2018-08-17,9517.287999999999,Friday,9.160970279680937,0.33856493921246095
2018-08-18,7078.4839999999995,Saturday,8.864956302675859,0.25178924756724774
2018-08-19,512.446,Sunday,6.241144863176721,0.018161416540747596
2018-08-20,692.95,Monday,6.542399911801849,0.024583974255400997
2018-08-21,8284.534,Tuesday,9.02226638161583,0.2947020125572631
2018-08-22,524.54,Wednesday,6.2644263054030525,0.01859173616247907
2018-08-23,4590.344,Thursday,8.431928070651491,0.1632581194363603
2018-08-24,685.0560000000002,Friday,6.530959257047183,0.02430309587819344
2018-08-25,361.988,Saturday,5.8943697758671885,0.012807933024419304
2018-08-26,190.66,Sunday,5.255722968915616,0.0067118688478019555
2018-08-27,6190.538,Monday,8.730938800082818,0.2201950201124787
2018-08-28,1443.6319999999998,Tuesday,7.275609896832019,0.05129417718913899
2018-08-29,235.46800000000002,Wednesday,5.465812892223319,0.008306193439379925
2018-08-30,1699.1490000000001,Thursday,7.438471173262352,0.06038579111223817
2018-08-31,3162.83,Friday,8.05953859798768,0.1124653887850964
2018-09-01,1261.81,Saturday,7.14109467556284,0.044824723388704045
2018-09-02,8652.334,Sunday,9.065699959191516,0.30778879582771435
2018-09-03,1595.849,Monday,7.375787591459128,0.056710248121923844
2018-09-04,5360.202,Tuesday,8.586943482655082,0.19065062839509606
2018-09-05,327.044,Wednesday,5.793147745728791,0.011564581869980353
2018-09-06,2087.8045,Thursday,7.644347171729592,0.07421463911487233
2018-09-07,3848.565,Friday,8.25571543388533,0.13686469635976428
2018-09-08,2184.327,Saturday,7.6895207530828085,0.07764903019214836
2018-09-09,4356.061,Sunday,8.379553026478469,0.15492203774807556
2018-09-10,2506.646,Monday,7.82709974346509,0.08911754269064906
2018-09-11,5564.006,Tuesday,8.62425334187618,0.1979022292043702
2018-09-12,491.54999999999995,Wednesday,6.199595978301688,0.017417910767992432
2018-09-13,15.92,Thursday,2.8284963541780774,0.0004944014506332769
2018-09-14,3471.403,Friday,8.152602140473045,0.12344480143901955
2018-09-15,7285.026,Saturday,8.893713546049652,0.259138269835452
2018-09-16,831.65,Sunday,6.72461338580428,0.02951909344955972
2018-09-17,4979.226,Monday,8.513230550515093,0.1770950265918241
2018-09-18,1511.93,Tuesday,7.321803447020775,0.05372430531258999
2018-09-19,1648.188,Wednesday,7.408038324551119,0.058572535097432675
2018-09-20,7359.918,Thursday,8.90393993220587,0.26180302071280553
2018-09-21,338.172,Friday,5.826507353340732,0.011960530005471329
2018-09-22,7871.213,Saturday,8.97109449629286,0.27999553526491355
2018-09-23,2395.786,Sunday,7.781883952184345,0.08517300546019169
2018-09-24,6450.4619999999995,Monday,8.772062050771478,0.2294434405985819
2018-09-25,1412.213,Tuesday,7.253621114423716,0.05017624993635404
2018-09-26,1486.576,Wednesday,7.304903228551585,0.052822178333147306
2018-09-27,1022.9235,Thursday,6.931397095777494,0.03632484342204652
2018-09-28,559.271,Friday,6.328420595244955,0.019827508510945734
2018-09-29,1846.78,Saturday,7.521740197495852,0.06563868643850239
2018-09-30,540.76,Sunday,6.294823098944771,0.01916886401633094
2018-10-01,2978.466,Monday,7.999499368811302,0.10590548745047579
2018-10-02,5418.022,Tuesday,8.597670635347502,0.19270793619470858
2018-10-03,2504.48,Wednesday,7.826235611929285,0.08904047370597315
2018-10-04,19.98,Thursday,3.043569602968151,0.0006388613203397256
2018-10-05,6684.616,Friday,8.807713631887665,0.23777493230578484
2018-10-06,1180.82,Saturday,7.074810902105658,0.04194299805680127
2018-10-07,2749.21,Sunday,7.919432551381426,0.09774827269938674
2018-10-08,608.356,Monday,6.412402661778842,0.02157401410319722
2018-10-09,1496.589,Tuesday,7.311611760610882,0.05317845337634205
2018-10-10,239.358,Wednesday,5.482129478579053,0.008444604496808023
2018-10-11,2932.376,Thursday,7.98390925714695,0.10426554769806935
2018-10-12,5625.394,Friday,8.63522401859199,0.20008649089933067
2018-10-13,8405.802,Saturday,9.036796419055879,0.2990168794241502
2018-10-14,134.332,Sunday,4.907731018668341,0.004707648271244113
2018-10-15,1017.94,Monday,6.926518150233022,0.03614752426916916
2018-10-16,3473.5969999999998,Tuesday,8.153233780050689,0.12352286669865895
2018-10-17,126.352,Wednesday,4.846954906052835,0.00442370990664868
2018-10-18,1454.1111000000003,Thursday,7.2828375340788325,0.05166703665235104
2018-10-19,2781.8702000000003,Friday,7.931238120121992,0.09891036339805338
2018-10-20,1333.858,Saturday,7.196580198135776,0.04738828119476567
2018-10-21,4537.201,Sunday,8.420285956998827,0.16136722513689974
2018-10-22,15158.877,Monday,9.626407545706984,0.5392997204630359
2018-10-23,3352.3940000000002,Tuesday,8.117728246273265,0.11921031261293712
2018-10-24,529.0849999999999,Wednesday,6.273037371045584,0.01875345293780316
2018-10-25,764.4765,Thursday,6.640498515736903,0.02712897644026757
2018-10-26,999.868,Friday,6.908622902487986,0.035504499942731985
2018-10-27,1086.32,Saturday,6.991471232021969,0.03858057005501324
2018-10-28,408.726,Sunday,6.0154886436083315,0.01447092942598088
2018-10-29,46.96,Monday,3.8703673301593136,0.0015988434101623819
2018-10-30,4025.7299999999996,Tuesday,8.300709911173826,0.14316844828502115
2018-10-31,523.928,Wednesday,6.263261110329539,0.018569960438277012
2018-11-01,2921.43,Thursday,7.980170740963559,0.10387607534984106
2018-11-02,6294.386,Friday,8.747572263105296,0.22389006162707858
2018-11-03,4536.937,Saturday,8.420227782475681,0.16135783168724396
2018-11-04,10668.096,Sunday,9.27510661718266,0.37951212486200253
2018-11-05,2355.064,Monday,7.764747709088432,0.08372406585078626
2018-11-06,4288.75,Tuesday,8.36398373516573,0.1525270283170877
2018-11-07,2413.378,Wednesday,7.789196975977371,0.0857989507872547
2018-11-08,384.1,Thursday,5.953503040820864,0.013594705595589007
2018-11-09,4751.492,Friday,8.466424391036602,0.16899196650125065
2018-11-10,4007.5480000000002,Saturday,8.296184359965384,0.14252151002122743
2018-11-11,1815.2179999999998,Sunday,7.504511596009391,0.06451567106715388
2018-11-12,2911.386,Monday,7.976727955477001,0.10351869728793674
2018-11-13,6633.4202000000005,Tuesday,8.800026557868884,0.23595332181378548
2018-11-14,834.6579999999999,Wednesday,6.728219438475096,0.029626121845637794
2018-11-15,559.2,Thursday,6.328293862826008,0.01982498224228831
2018-11-16,4755.234,Friday,8.467211457609594,0.16912511153387172
2018-11-17,13408.7928,Saturday,9.5037405250005,0.47702953930359876
2018-11-18,1469.756,Sunday,7.293531833287494,0.05222370173007773
2018-11-19,7397.272,Monday,8.909001738410222,0.26313212267660224
2018-11-20,2988.274,Tuesday,8.002785827537217,0.10625446833768783
2018-11-21,2236.1839999999997,Wednesday,7.71297321112497,0.07949416700578561
2018-11-22,35.712,Thursday,3.6031036770925327,0.001198625524827866
2018-11-23,1153.109,Friday,7.05108389668033,0.04095700607418171
2018-11-24,4736.061,Saturday,8.463172180189373,0.16844291225262004
2018-11-25,3666.157,Sunday,8.20717198144443,0.13037439194759337
2018-11-26,5048.1720000000005,Monday,8.526979548430392,0.17954821136443025
2018-11-27,1618.254,Tuesday,7.389720828339426,0.05750744599896152
2018-11-28,6912.944,Wednesday,8.841295520940525,0.24589912765808386
2018-11-29,491.888,Thursday,6.200281967705902,0.017429937230051738
2018-11-30,6645.282,Friday,8.801812879552115,0.2363753794695697
2018-12-01,5331.178,Saturday,8.581515064087224,0.18961791823293841
2018-12-02,9951.182,Sunday,9.205547102593092,0.35400342953423686
2018-12-03,1403.842,Monday,7.247680119928236,0.04987839930351841
2018-12-04,2639.638,Tuesday,7.8787758336103435,0.09384956411725004
2018-12-05,1248.106,Wednesday,7.130183374418817,0.044337117956571734
2018-12-06,10.68,Thursday,2.4578779774000807,0.0003079557074653481
2018-12-07,2916.514,Friday,7.978487162778161,0.1037011579312507
2018-12-08,7643.041,Saturday,8.941681669029714,0.27187689058741116
2018-12-09,5470.39,Sunday,8.60728797648022,0.19457125502642958
2018-12-10,3873.5589999999997,Monday,8.262187128859388,0.13775401408967633
2018-12-11,2025.035,Tuesday,7.613835960078957,0.0719812219248381
2018-12-12,1302.9855,Wednesday,7.173180622792873,0.04628979909439317
2018-12-13,580.936,Thursday,6.366360476049035,0.020598376263948254
2018-12-14,3897.714,Friday,8.268402034150622,0.1386134791519323
2018-12-15,306.88800000000003,Saturday,5.729736080478204,0.01084740622126036
2018-12-16,858.702,Sunday,6.75658581757062,0.0304816373892885
2018-12-17,2027.758,Monday,7.6151790621358755,0.07207810966503778
2018-12-18,3645.911,Tuesday,8.201635786891494,0.12965401398649073
2018-12-19,1895.926,Wednesday,7.547989960212627,0.06738736248692434
2018-12-20,377.736,Thursday,5.936839392444035,0.013368266528886582
2018-12-21,2140.94,Friday,7.669467239410891,0.07610526655496765
2018-12-22,7442.021,Saturday,8.915032093798898,0.26472434797450717
2018-12-23,1926.776,Sunday,7.564122285848159,0.06848504400920118
2018-12-24,6233.054,Monday,8.737782122464935,0.22170779248204509
2018-12-25,2698.927,Tuesday,7.9009800145898765,0.09595914077119724
2018-12-26,814.5939999999999,Wednesday,6.7039166821259135,0.02891221967179785
2018-12-27,177.636,Thursday,5.1853502158795095,0.006248458664783043
2018-12-28,1657.3508000000002,Friday,7.413578893532432,0.05889855896298594
2018-12-29,2915.534,Saturday,7.978151203934758,0.10366628830752846
2018-12-30,713.7900000000001,Sunday,6.571988793260161,0.025325487478229172
